teamCode,firstName,lastName,position,yearsPro,overall,speed,acceleration,agility,changeOfDirection,strength,jumping,awareness,breakTackle,carrying,jukeMove,spinMove,stiffArm,trucking,bCVision,kickReturn,throwPower,throwAccuracyShort,throwAccuracyMid,throwAccuracyDeep,throwOnTheRun,throwUnderPressure,playAction,breakSack,catching,catchInTraffic,spectacularCatch,shortRouteRunning,mediumRouteRunning,deepRouteRunning,release,passBlock,passBlockPower,passBlockFinesse,runBlock,runBlockPower,runBlockFinesse,leadBlock,impactBlocking,tackle,hitPower,pursuit,playRecognition,powerMoves,finesseMoves,blockShedding,manCoverage,zoneCoverage,press,kickPower,kickAccuracy,stamina,injury,toughness,jerseyNum,plyrHandedness,college
chi,Jeremy,Stromberg,QB,4,84,82,83,79,81,59,74,78,69,71,73,59,51,52,78,12,86,98,93,86,87,87,83,80,33,17,19,20,16,11,18,17,12,13,22,19,16,19,25,27,24,30,16,10,11,25,11,18,9,22,16,83,84,95,1,Left,Alabama
chi,Mykal,Beachum Jr,QB,6,70,77,74,78,74,73,73,68,72,64,60,63,46,63,81,12,90,87,83,80,80,77,83,60,25,19,18,18,18,14,20,17,14,20,18,8,10,34,31,40,10,29,21,11,10,23,13,19,8,19,22,89,90,89,13,Right,N.C. State
chi,Arden,Williams,HB,2,72,88,92,86,87,62,79,68,76,87,80,78,69,54,75,77,37,37,33,22,30,29,23,29,69,63,59,70,64,61,68,48,31,30,40,26,33,39,39,42,36,43,25,14,18,34,17,26,22,17,12,85,90,81,26,Right,UCLA
chi,Nick,Melifonwu,HB,4,95,90,91,86,83,84,85,97,96,92,90,79,97,88,96,77,36,38,29,24,25,19,20,37,71,54,53,61,54,42,51,59,39,38,38,31,26,36,52,33,27,34,22,9,9,27,20,31,20,14,10,96,93,95,10,Right,Alabama
chi,Darious,Ezukanma,FB,1,59,87,91,87,81,76,87,48,60,68,76,68,55,68,66,31,26,7,4,6,6,9,8,13,63,58,60,45,42,39,43,52,44,46,50,44,44,64,67,64,79,74,46,73,54,60,26,31,33,17,13,75,87,91,43,Right,Houston
chi,Will,Donald,WR,10,91,89,90,90,88,72,91,91,86,73,89,85,80,69,93,75,40,37,29,22,33,21,15,23,93,90,95,90,90,89,87,44,41,32,58,23,19,46,64,32,15,33,24,11,9,36,13,24,11,24,18,94,88,93,12,Right,California
chi,Samori,Davis,WR,6,67,90,86,84,74,62,84,62,71,71,77,66,44,46,74,62,23,17,8,4,11,15,4,21,81,78,83,72,69,69,70,37,23,21,58,31,28,24,49,52,39,49,41,39,30,49,41,48,34,12,13,81,85,80,18,Right,Temple
chi,Justin,Smith,WR,2,61,95,96,89,90,53,91,47,58,60,79,71,32,30,77,77,35,30,18,13,25,11,10,20,74,71,70,61,60,60,49,30,20,21,32,25,26,17,27,19,15,25,24,8,8,16,16,22,9,15,12,79,84,66,80,Right,Washington
chi,Shaq,Jones,WR,1,81,92,94,91,89,62,94,83,72,75,80,72,46,35,78,76,28,14,10,5,11,13,8,21,85,86,90,82,81,80,77,33,19,25,53,32,40,30,50,23,18,33,15,11,11,21,12,19,16,19,14,85,83,79,16,Right,Georgia
chi,Trayveon,Williams,WR,8,74,90,94,83,80,72,86,77,73,77,76,74,67,64,68,78,46,31,26,20,26,17,19,23,84,82,82,78,78,71,75,50,32,28,54,28,21,30,59,29,29,42,14,10,8,27,17,17,14,25,16,86,95,87,0,Right,Old Dominion
chi,D.J.,Gay,TE,2,69,87,91,85,75,72,85,55,74,73,76,69,66,65,81,43,42,37,30,30,31,27,21,31,78,77,78,70,62,59,72,58,56,57,59,60,57,49,63,44,41,44,31,20,29,42,14,19,19,14,9,83,87,76,8,Right,Miami
chi,Graham,McMath,TE,2,70,82,87,88,76,76,84,60,65,75,67,67,72,71,71,35,67,61,56,48,56,45,46,50,82,78,81,68,62,57,64,65,59,66,71,64,72,53,70,33,32,35,15,9,9,30,15,17,19,29,19,86,88,91,81,Right,Dayton
chi,Andre,Amos,LT,3,86,74,79,71,59,88,78,90,12,32,8,8,12,22,12,12,10,8,4,6,4,14,8,14,20,13,17,14,12,12,16,89,90,88,81,86,78,83,85,32,29,26,15,10,10,32,11,16,8,9,14,92,90,88,76,Right,UCLA
chi,Hamsah,Walton,LT,5,82,73,75,71,59,86,71,86,18,27,20,15,24,38,27,8,26,5,8,6,5,13,8,13,37,28,25,25,16,9,21,86,82,86,80,75,85,82,86,39,43,38,27,32,27,33,11,17,9,20,19,89,82,87,74,Right,Utah
chi,Arryn,Dawkins,LG,6,73,62,67,60,51,88,74,79,8,41,10,10,23,27,10,12,27,4,6,4,4,15,4,12,28,9,14,9,11,12,13,72,73,72,78,77,75,81,88,34,20,25,9,12,8,17,13,15,10,26,22,85,77,85,75,Right,Stanford
chi,Ben,Bowser,LG,1,67,69,72,58,53,87,74,68,41,59,41,33,45,43,46,9,19,5,8,4,5,13,8,13,54,50,53,40,39,37,43,73,73,73,63,65,64,70,81,45,52,48,45,45,33,44,12,13,11,11,10,88,93,77,2,Right,North Carolina
chi,Troy,Brown,C,4,69,65,67,66,55,86,71,81,8,23,28,22,31,33,26,9,29,6,8,6,5,11,4,13,28,18,25,15,7,7,25,63,68,63,68,72,69,86,83,35,39,33,18,11,8,37,12,19,13,22,24,85,94,81,65,Right,Indiana
chi,Keidron,Yiadom,C,3,77,73,76,61,61,87,75,87,10,32,10,9,10,21,10,11,22,4,4,4,7,17,4,14,30,10,10,8,5,3,11,80,83,85,78,77,79,85,84,34,21,24,30,17,10,25,12,15,8,21,22,86,88,89,3,Right,Texas AM
chi,D.J.,Reader,RG,4,75,65,66,59,51,91,66,86,8,39,12,11,9,19,11,11,29,7,6,6,4,14,4,13,24,12,11,11,7,7,13,72,78,70,83,77,83,89,86,47,33,44,35,25,24,36,14,15,9,24,23,87,86,85,66,Right,Charlotte
chi,Foyesade,Schweitzer,RG,7,98,68,70,66,61,97,68,99,6,38,11,11,11,24,9,9,29,7,7,6,6,14,5,14,30,16,15,15,7,4,15,94,94,91,96,96,96,94,91,28,18,48,32,10,8,29,10,9,9,7,13,95,99,96,72,Right,Notre Dame
chi,Thomas,Hooker,RT,0,64,66,73,67,56,82,69,71,33,55,32,23,30,33,41,8,22,13,15,11,9,8,8,20,50,52,45,45,37,30,41,74,71,78,62,58,68,70,78,32,29,23,15,8,10,22,9,7,11,13,11,81,89,77,67,Right,Pittsburgh
chi,Richie,Tranquill,RT,5,70,75,77,70,57,87,75,84,7,41,8,11,12,18,10,10,36,7,6,7,7,4,7,14,24,9,14,8,7,5,11,77,77,77,66,66,70,76,80,44,41,36,36,43,37,36,21,27,10,20,27,84,90,83,4,Right,Virginia Tech
chi,Jartavius,Boettger,LE,0,76,87,85,90,74,87,84,74,38,57,47,39,49,51,53,12,23,8,4,7,8,8,5,14,46,20,27,30,22,22,26,46,47,46,45,45,47,24,85,85,80,81,71,77,61,80,25,34,29,20,20,86,90,84,50,Right,Michigan
chi,Marcus,Musgrave,LE,2,73,86,85,74,67,81,81,79,23,47,28,25,37,39,32,12,14,7,4,4,6,17,6,11,43,31,36,22,16,15,27,43,45,47,45,44,46,32,78,79,83,77,75,71,77,71,29,40,25,19,10,79,87,91,54,Right,Wake Forest
chi,Yosh,Heinicke,RE,3,72,79,84,75,68,76,84,70,28,28,31,24,34,31,40,29,22,7,4,8,5,9,6,12,37,29,28,19,12,7,16,43,44,44,46,48,43,16,76,88,72,85,67,66,75,76,32,40,27,18,14,76,90,86,95,Right,Wyoming
chi,Mike,Togiai,RE,1,63,73,82,73,63,87,71,65,28,45,40,33,33,40,25,9,23,14,9,8,6,11,9,14,33,34,35,28,25,23,30,44,43,46,45,46,43,41,67,75,79,77,62,67,62,69,17,19,19,19,16,72,90,77,98,Right,Boise State
chi,Trey,Covington,DT,8,72,80,82,77,62,85,84,63,8,42,31,22,29,28,17,10,16,7,6,5,6,19,6,11,31,26,27,25,16,16,20,45,46,46,46,43,45,14,87,82,79,81,65,59,70,70,31,42,32,17,10,78,90,86,94,Right,Stanford
chi,Daiyan,Hooker,DT,4,68,72,77,60,52,87,78,63,23,28,20,21,29,32,24,30,24,8,4,7,7,16,6,10,25,18,18,10,8,2,14,44,47,47,47,44,43,34,84,86,80,83,65,65,65,70,14,20,16,16,11,74,85,91,97,Right,USC
chi,Shaun,Telfort,DT,0,67,68,75,57,48,89,67,69,10,34,14,12,27,30,17,9,27,4,4,4,7,8,5,12,33,25,24,11,3,2,10,43,45,47,47,45,47,34,81,74,74,78,70,67,54,68,23,27,18,20,19,74,94,96,77,Right,Utah
chi,Colton,Levis,DT,4,68,78,79,74,62,79,75,68,13,40,29,23,25,28,26,10,27,6,6,4,4,12,5,12,36,22,26,14,5,5,15,47,45,44,47,47,46,37,82,80,77,81,66,69,75,68,16,26,15,22,15,74,90,86,96,Right,Oklahoma
chi,Pressley,Toney,LOLB,2,69,86,90,83,72,72,84,72,51,65,70,63,31,28,62,60,24,4,8,7,4,17,7,10,68,65,65,41,32,26,40,45,44,47,45,43,43,22,72,81,85,84,69,54,62,64,56,61,39,19,17,83,87,80,47,Right,Tarleton State
chi,Kaiir,Baker Jr,LOLB,0,67,91,93,84,77,71,85,59,35,47,59,51,31,42,51,11,18,9,6,7,7,10,4,21,63,64,58,26,24,21,28,33,36,36,38,42,41,20,62,75,88,82,58,55,68,61,60,50,46,29,22,75,88,76,5,Right,Louisville
chi,Dorian,Geiger,MLB,4,67,91,89,85,76,67,81,62,32,51,36,34,40,36,43,9,23,8,6,5,4,13,5,11,58,51,51,33,30,22,42,46,46,47,43,44,46,27,65,80,70,76,65,38,42,62,53,61,36,22,22,85,90,81,30,Right,Iowa
chi,Cam,James Jr,MLB,7,98,85,92,85,85,77,96,97,23,62,57,54,32,45,49,8,15,8,8,4,7,8,4,11,74,60,62,16,3,5,21,43,46,46,44,46,44,23,78,93,84,98,99,50,62,75,77,85,58,11,11,96,96,86,55,Left,BYU
chi,JT,Basham,ROLB,2,64,78,92,83,66,68,96,49,44,39,51,44,47,33,43,11,22,7,8,7,8,19,4,12,44,36,31,14,10,6,15,46,46,45,46,44,46,16,64,79,80,77,49,60,70,64,41,50,47,17,10,80,85,81,6,Right,Florida
chi,Akayleb,Bojorquez,ROLB,4,81,86,90,86,78,78,87,87,18,40,34,33,32,30,31,8,17,5,5,7,6,15,7,12,38,19,20,22,18,11,23,45,43,44,44,47,46,15,81,76,78,84,85,78,86,77,39,46,29,17,13,82,88,78,7,Right,Miami
chi,Josh,Moore,CB,4,64,90,87,84,86,58,80,56,41,58,72,60,32,24,65,83,23,8,7,6,8,12,6,9,60,49,54,19,10,11,14,12,35,34,17,33,36,15,47,53,54,75,56,42,47,60,70,60,70,10,9,83,82,74,33,Right,S. Illinois
chi,Tim,Rush,CB,5,66,91,91,81,80,66,81,58,60,71,75,69,52,51,68,54,25,16,9,8,14,17,15,11,70,72,66,57,47,40,58,32,33,36,36,34,33,11,50,57,58,71,67,47,52,59,66,61,64,18,20,82,83,78,9,Right,Illinois
chi,Jordan,Dixon,CB,5,81,91,90,89,92,50,86,84,63,56,78,69,43,29,74,80,22,14,8,5,4,12,6,15,75,67,65,21,14,12,12,35,37,35,36,34,34,13,46,62,49,75,86,27,38,57,76,84,89,12,8,95,86,76,11,Right,Kansas State
chi,Amari,Nijman,CB,3,70,86,93,80,82,59,80,74,38,55,71,60,33,25,50,39,27,8,5,7,6,10,4,9,66,58,56,25,15,10,29,12,31,36,14,35,34,14,50,57,52,73,69,25,27,41,69,70,76,18,19,88,88,76,38,Right,Oklahoma St.
chi,Anthony,Ragnow,FS,5,65,90,88,85,84,55,79,62,53,60,77,66,42,33,59,43,14,5,7,7,6,11,5,13,71,50,62,30,16,9,19,36,37,34,34,34,37,18,52,48,57,74,60,29,38,47,65,73,71,16,11,86,87,84,28,Right,Miami
chi,Tyler,Smith,FS,3,71,89,90,88,87,62,90,71,47,53,72,68,44,39,63,39,36,25,22,14,24,9,5,21,57,57,62,36,32,25,36,27,37,34,35,35,36,14,62,71,77,70,70,40,47,61,65,73,71,13,17,86,88,84,42,Right,Clemson
chi,Rachad,Ballentine,SS,6,67,85,89,83,84,64,88,69,42,59,62,57,45,31,54,62,26,17,9,9,16,18,13,14,61,50,63,19,10,9,22,23,36,31,14,31,32,25,68,65,85,74,69,50,56,57,61,65,65,22,20,87,85,90,14,Right,Texas
chi,Julian,Robinson,SS,5,82,91,94,79,83,63,89,81,46,58,64,58,46,46,65,36,27,4,4,5,4,9,7,27,70,51,62,20,11,12,21,35,36,36,37,36,36,21,62,69,82,77,83,34,41,54,74,83,72,19,12,92,88,85,24,Right,S. Illinois
chi,Byron,Parker,K,5,73,72,77,61,55,38,63,57,5,35,10,8,10,12,12,9,25,35,28,27,18,14,21,17,37,10,11,11,10,9,12,16,17,18,13,14,14,14,10,31,13,30,12,8,12,12,14,11,11,96,75,83,90,62,15,Right,Miami
dal,Jeffery,Dean III,QB,5,72,82,85,75,70,60,86,65,54,65,60,47,63,49,78,13,92,84,81,80,82,82,79,72,22,17,17,17,14,15,16,16,16,19,19,17,16,14,20,26,25,31,14,8,11,28,16,22,14,43,26,84,94,89,9,Right,Utah State
dal,Hakeem,Smith-Schuster,QB,4,69,72,77,73,74,52,69,73,33,57,39,26,24,21,43,10,86,84,82,77,79,80,75,49,29,15,20,21,12,13,14,20,20,19,24,22,18,17,18,27,11,23,17,12,11,24,9,17,10,20,17,76,93,97,14,Right,W. Kentucky
dal,Denzel,Jones,HB,1,64,92,89,79,76,74,91,61,75,88,70,64,73,81,74,67,24,23,22,17,35,16,24,30,68,68,63,61,52,41,44,47,52,46,42,45,41,30,47,36,42,28,26,13,14,29,14,19,13,22,23,84,92,90,46,Right,Syracuse
dal,Justin,Sample,HB,0,68,88,91,89,86,74,79,65,79,77,74,69,78,77,82,54,27,21,16,10,18,11,17,28,59,42,42,51,39,30,38,54,37,29,35,18,25,33,39,44,43,42,29,18,19,37,20,30,21,22,18,80,90,85,36,Right,UAB
dal,Elijah,Collins,FB,1,68,84,89,85,75,78,87,59,63,70,63,57,58,65,72,34,32,24,20,14,21,17,17,24,71,59,63,59,49,45,41,59,56,59,58,51,48,69,56,39,39,46,37,27,19,42,17,23,14,22,17,79,85,83,38,Right,Purdue
dal,DeForest,Jaimes,WR,9,75,91,91,93,91,60,85,80,65,68,82,73,39,33,74,83,30,17,14,6,10,21,11,26,87,78,78,79,82,79,69,26,19,18,35,27,18,33,42,34,24,38,21,15,23,36,17,22,11,13,17,84,87,78,1,Right,Sacramento State
dal,Tre',Porter Jr.,WR,1,73,86,88,82,79,64,81,74,75,73,73,71,41,45,79,73,27,21,14,13,17,16,6,21,86,84,80,72,72,74,68,33,17,22,50,29,33,24,43,30,17,32,14,11,13,27,12,19,13,23,22,83,92,83,16,Left,Stanford
dal,DaQuan,Feliciano,WR,2,68,87,89,85,81,66,82,70,77,68,77,75,61,57,84,68,54,42,32,34,38,28,30,32,83,77,76,72,71,68,69,39,17,25,52,25,27,26,49,34,26,38,25,11,14,35,22,28,19,25,22,82,86,93,2,Left,Clemson
dal,Keandre,Fortson,WR,0,69,92,90,83,82,53,88,48,74,69,80,72,41,35,84,79,28,18,15,13,19,16,14,24,83,77,79,75,78,73,59,26,17,14,53,20,27,13,37,23,16,23,17,10,8,25,11,9,16,22,24,78,89,85,87,Right,Cincinnati
dal,Jacob,Williams,WR,0,64,88,93,84,80,74,88,61,70,74,69,66,56,59,72,55,27,14,8,12,12,20,16,23,82,82,80,66,64,58,62,41,31,27,52,40,36,33,53,33,30,33,16,11,10,35,12,17,22,44,37,82,86,75,19,Right,Georgia Tech
dal,Tay,Neal,TE,1,61,72,80,71,60,76,78,59,51,66,66,57,66,61,63,16,30,24,22,10,13,12,17,11,70,67,60,56,52,44,63,65,64,63,65,62,65,62,69,32,34,29,21,16,17,26,13,17,17,22,18,77,83,89,88,Right,Arizona St.
dal,Nsimba,Thomas,TE,7,67,81,84,78,74,73,76,73,61,76,66,50,65,73,65,9,24,16,9,8,8,14,5,18,82,71,73,65,64,58,62,59,57,58,59,57,61,60,71,27,12,27,20,8,10,17,9,12,9,20,16,84,89,88,83,Right,Notre Dame
dal,Renell,Wright,LT,7,77,67,61,58,52,87,76,85,7,38,12,9,8,21,14,9,8,5,5,6,7,14,5,14,34,8,10,11,7,7,10,82,84,78,78,83,79,85,88,44,23,34,24,9,8,35,20,10,9,13,4,93,89,85,73,Right,Florida
dal,Taylor,Diaby,LT,3,61,61,72,71,57,83,78,71,7,35,22,17,25,29,19,11,27,7,8,8,7,5,5,11,30,12,14,10,3,4,12,71,68,71,66,60,68,81,80,32,46,21,9,34,18,14,13,17,9,23,20,84,84,85,74,Right,Texas
dal,Nick,Douglas,LG,6,66,71,74,63,57,85,74,67,30,37,18,17,29,43,26,9,16,7,5,8,8,12,6,12,37,28,16,27,15,12,20,63,63,67,69,68,71,84,81,44,49,51,35,44,30,45,12,16,10,31,30,79,77,90,71,Right,SE Missouri St.
dal,DaRon,Bell,LG,1,71,61,59,63,54,97,66,69,21,42,25,19,35,32,23,11,17,4,8,8,6,11,6,11,15,13,14,17,3,4,13,71,74,67,74,77,71,82,88,43,49,34,31,43,28,41,10,7,10,13,29,82,82,91,55,Right,Fresno State
dal,Montez,Bryant,C,2,67,70,74,63,55,83,71,79,3,22,11,11,28,24,16,8,21,4,8,4,4,12,5,10,25,17,17,13,6,4,13,72,70,71,67,68,68,86,83,30,30,25,19,12,8,18,14,13,10,21,15,80,83,81,51,Right,Washington
dal,Kobie,Ollison,C,5,74,63,70,57,51,87,61,80,11,28,12,8,9,19,11,8,20,5,6,5,5,15,7,13,32,12,14,8,3,3,10,77,79,76,70,71,65,79,83,22,24,23,26,16,12,22,15,13,10,24,19,86,92,91,78,Right,LSU
dal,Clayton,Thomas,RG,2,68,68,75,65,54,88,69,72,11,26,9,8,12,9,12,9,19,5,8,8,8,14,5,12,23,15,14,14,5,5,16,67,69,66,72,75,72,81,80,36,28,35,36,30,22,34,12,20,10,10,10,87,90,81,76,Right,Elon University
dal,Calvin,Durant,RG,3,75,68,82,68,56,86,68,84,13,25,16,12,22,31,10,9,17,6,8,5,6,15,5,12,22,16,16,11,6,7,10,79,74,77,71,66,74,81,82,31,25,27,12,11,9,26,12,10,12,15,14,84,89,86,72,Right,Penn State
dal,La'el,Thomas,RT,0,63,64,72,67,59,84,70,63,16,25,13,14,39,32,20,12,20,6,4,4,4,6,6,11,23,15,18,8,8,7,8,67,64,66,66,70,69,81,83,54,61,59,46,59,49,55,12,11,11,15,12,79,94,83,62,Right,Boise State
dal,Nyheim,Granderson,RT,4,62,66,61,58,58,89,68,64,12,32,8,9,8,21,12,10,11,5,5,6,8,12,4,10,21,15,15,14,11,11,14,66,65,69,67,66,67,77,85,27,29,27,15,12,8,21,10,16,12,12,11,77,83,89,3,Right,Marshall
dal,Olamide,Haynes,LE,1,73,87,86,83,71,83,83,66,27,46,42,36,44,44,38,11,22,6,5,4,8,12,5,11,44,29,25,19,14,10,25,43,42,47,46,46,46,18,83,85,83,86,68,74,69,77,31,44,26,17,17,78,96,92,52,Right,Florida State
dal,Zaven,Green,LE,5,68,87,86,74,65,85,79,66,19,35,26,23,31,36,25,12,22,4,7,8,8,13,7,10,37,14,20,9,9,4,14,46,43,45,45,46,46,10,82,76,76,78,69,70,64,72,18,29,18,21,16,76,87,81,98,Right,N.C. State
dal,Christopher,Bernard,RE,0,63,83,89,66,69,69,79,65,19,45,49,42,35,43,33,12,23,8,5,6,8,10,6,18,37,26,30,14,7,6,6,34,36,33,41,40,41,28,62,74,84,80,56,70,67,58,32,39,33,15,12,75,88,90,53,Right,Clemson
dal,Colby,Newman,RE,5,70,77,70,73,65,82,85,86,17,20,27,27,54,47,26,8,35,7,6,4,8,12,4,14,42,9,17,10,4,3,13,47,43,45,47,43,43,10,76,78,75,77,83,78,68,75,31,45,29,31,30,81,88,87,97,Right,UTEP
dal,Kamren,Domann,DT,4,75,82,85,80,65,84,87,76,14,29,25,21,27,25,19,12,20,8,7,8,7,9,5,12,30,25,16,19,8,3,16,45,44,44,46,47,46,29,79,85,74,79,75,71,64,76,17,27,16,12,13,79,92,85,93,Right,LA. Tech
dal,Noah,Warren,DT,8,73,64,60,60,52,95,64,79,11,39,9,9,12,27,8,8,22,8,5,5,7,10,5,11,23,15,13,17,8,5,14,46,46,46,43,44,45,38,87,84,83,84,81,78,54,73,19,29,18,25,19,81,85,86,92,Right,Florida State
dal,Max,Bakhtiari,DT,0,63,57,54,45,45,86,56,57,11,27,7,9,25,38,11,12,10,8,9,6,6,5,3,4,20,12,13,10,5,4,13,44,44,43,47,46,47,23,85,75,81,70,62,63,46,72,13,17,9,11,12,61,81,80,77,Right,Kentucky
dal,Justin,Wallace,DT,6,83,74,78,70,57,88,81,90,8,31,15,19,25,29,18,8,25,8,7,7,5,9,7,10,27,16,18,14,4,5,16,43,46,43,47,46,46,31,79,89,80,89,87,72,89,75,19,26,12,15,16,82,93,87,99,Right,S.C. State
dal,Khalil,Bennett,LOLB,0,62,83,89,77,73,73,82,60,32,39,49,43,48,41,42,14,27,18,14,9,5,6,9,6,42,33,37,27,19,12,21,37,35,37,40,42,39,34,81,74,79,78,66,65,62,73,36,42,43,15,12,72,92,80,32,Right,Nebraska
dal,Carl,Jones,LOLB,2,65,85,91,87,75,71,95,59,29,36,39,32,37,35,30,11,22,8,7,8,5,13,6,15,32,21,23,14,9,6,17,44,45,45,47,46,47,17,70,82,82,73,59,60,63,64,24,34,30,16,16,76,90,80,4,Right,Montana State
dal,Kaden,Brown,MLB,0,60,85,82,80,75,74,86,64,29,54,54,49,34,46,48,10,20,8,7,6,4,9,5,12,58,48,46,9,6,3,20,34,36,37,39,42,42,23,66,76,84,79,67,57,65,57,48,56,40,21,19,85,94,90,41,Right,Cincinnati
dal,Shi,Rodriguez,MLB,2,68,86,92,81,74,82,94,70,68,68,64,52,62,54,72,26,26,19,16,17,23,17,14,25,50,45,45,26,26,21,30,43,47,43,46,45,44,32,85,78,91,76,67,61,55,76,47,51,54,25,20,85,93,92,5,Right,Wisconsin
dal,Samson,Meyers,ROLB,8,77,84,87,81,69,87,84,81,16,57,25,18,34,35,31,9,28,5,5,4,6,17,6,13,43,22,29,16,9,2,23,46,47,43,44,47,46,19,87,78,83,81,80,79,76,70,34,47,10,23,20,79,89,70,54,Right,Michigan
dal,Justin,Harris,ROLB,7,75,83,87,74,70,84,83,79,28,32,34,28,38,28,24,10,25,5,6,7,5,17,8,10,24,18,14,9,10,5,13,47,43,46,46,47,45,16,82,82,76,82,75,79,70,79,35,42,24,17,15,76,83,81,0,Right,UTSA
dal,Irv,Payne,CB,0,69,91,95,92,87,50,84,66,77,58,81,72,23,27,82,75,25,7,8,6,5,9,5,13,72,55,66,42,36,35,25,21,19,22,20,20,23,16,37,45,55,67,65,19,31,36,63,71,59,17,9,87,87,76,11,Right,Louisville
dal,Amari,Corbin,CB,0,61,92,89,94,87,58,87,58,38,56,73,66,39,33,59,54,26,7,5,4,8,8,7,15,53,51,54,30,23,13,24,35,37,36,36,36,33,12,41,60,57,73,52,28,34,41,62,69,62,19,20,86,92,78,30,Right,Nebraska
dal,Matt,Winfield Jr,CB,4,81,90,95,92,96,57,87,75,50,62,86,65,32,24,74,73,27,8,5,5,7,11,4,13,71,63,68,36,26,25,25,34,42,35,39,33,33,15,46,58,60,71,75,25,38,47,78,79,74,18,9,92,84,78,28,Right,Pittsburgh
dal,Cameron,Brown,CB,1,68,92,92,90,84,60,86,63,43,53,72,62,32,28,50,64,27,7,6,6,6,13,6,8,53,43,51,32,29,29,36,37,36,36,34,35,37,20,47,49,45,71,65,29,30,45,66,62,69,8,12,85,85,69,23,Right,Oregon State
dal,Jalen,Edmunds,FS,7,88,89,87,81,85,72,87,93,58,67,72,63,32,26,69,75,50,30,27,29,33,33,30,39,81,62,74,31,19,12,34,35,35,36,35,35,33,14,52,74,87,77,90,24,32,53,78,88,79,27,26,95,91,86,8,Right,Texas
dal,Darnell,Leavitt,FS,0,65,85,88,82,78,58,82,62,52,60,74,67,53,50,57,50,21,4,5,8,4,14,7,11,68,59,69,18,12,9,14,34,37,37,36,33,36,20,50,65,74,76,63,46,50,50,63,65,65,23,23,84,87,78,34,Right,Appalach. St.
dal,Vederian,Sieler,SS,8,90,93,94,90,90,70,87,94,58,72,80,70,37,34,76,67,26,16,9,11,14,19,16,27,76,70,75,49,43,36,48,34,33,36,37,37,37,24,66,75,87,88,92,39,49,63,83,84,77,18,22,96,91,94,6,Right,Washington
dal,Marte,Jackson,SS,5,70,94,91,82,81,71,80,68,52,63,71,63,36,26,63,51,55,43,33,25,34,25,29,30,63,31,62,19,12,9,14,35,36,34,37,33,33,12,67,67,92,83,66,58,54,57,67,75,66,30,23,86,85,90,24,Right,Mississippi St.
dal,Tuli,Wren,K,8,77,73,76,57,45,42,64,63,16,24,29,15,15,18,28,10,29,33,23,26,22,23,19,12,31,8,12,9,11,11,14,17,16,14,16,14,20,16,13,16,12,12,19,10,11,14,14,14,9,97,83,82,85,65,7,Right,Georgia Tech
dal,Duane,Hill,P,2,68,77,80,63,55,67,81,52,15,33,26,19,14,16,35,9,36,33,30,21,20,11,17,24,34,12,11,9,12,8,9,12,9,9,17,14,12,14,20,36,35,40,10,10,13,25,16,12,13,92,68,78,90,72,49,Right,Oklahoma
wis,Tyler,Hicks,QB,9,71,86,91,87,85,58,85,66,73,64,75,74,62,39,87,10,85,83,80,76,79,77,82,80,62,25,33,37,30,18,24,21,13,14,28,21,19,29,42,27,25,37,31,8,8,24,11,25,8,39,35,73,80,91,7,Right,Oregon
wis,Tyler,Jennings,QB,7,77,80,82,80,82,61,84,78,63,57,60,61,37,33,67,12,90,86,82,85,85,85,84,46,33,17,14,17,16,12,14,14,15,15,10,11,13,9,13,18,12,33,16,9,10,17,10,17,10,24,22,85,96,89,4,Right,Fresno State
wis,Michael,Johnson,HB,2,73,93,94,92,93,66,83,63,74,86,86,74,72,65,79,75,29,22,15,12,12,17,12,18,72,53,56,67,61,51,64,49,20,27,43,23,29,41,36,42,39,47,32,11,9,36,26,34,19,19,13,83,88,85,1,Right,Georgia
wis,Jalen,Rhattigan,HB,3,65,86,88,86,85,70,87,67,77,81,83,71,75,78,78,79,38,36,28,27,29,24,16,30,63,43,53,56,47,40,54,48,38,37,48,41,36,38,51,37,21,38,19,18,18,30,15,22,22,25,22,80,82,82,23,Right,South Carolina
wis,Mark,Rupcich,FB,4,75,85,91,80,77,75,87,75,61,69,62,54,69,72,66,38,32,28,21,18,25,21,9,20,72,57,56,63,58,55,60,69,52,46,68,61,62,81,71,51,48,56,41,31,24,40,30,35,14,19,10,89,87,85,39,Right,Toledo
wis,Jonathan,Mitchell,WR,4,77,94,94,85,87,58,94,77,75,71,77,76,64,37,88,72,23,14,10,8,11,19,7,16,82,83,87,77,75,81,77,28,12,11,44,17,10,20,39,30,23,33,23,13,21,29,23,28,12,19,15,85,88,85,86,Left,Auburn
wis,Adrian,McCain,WR,6,81,96,97,92,87,58,88,77,74,72,84,79,54,52,87,87,56,43,41,35,43,31,38,32,87,78,78,76,78,81,68,23,9,12,44,16,13,19,41,47,33,49,37,13,13,42,46,43,40,46,33,85,88,71,5,Right,Georgia
wis,LaCale,Dodson,WR,2,75,95,94,88,91,53,84,68,64,74,75,69,50,28,77,72,33,34,30,18,29,23,17,25,85,78,80,73,75,77,68,24,11,10,46,14,13,20,37,26,18,34,26,9,10,25,21,26,20,19,14,86,88,81,14,Right,Bowling Green St.
wis,Angelo,Jenkins,WR,2,79,94,97,93,93,61,90,75,80,73,95,83,65,54,84,82,53,51,44,38,43,33,28,36,82,79,82,77,77,77,69,27,19,22,43,23,27,21,43,28,19,31,17,8,9,27,15,20,16,25,20,85,75,80,19,Right,Florida
wis,Patrick,Christensen,WR,1,72,86,89,84,86,67,92,72,76,70,75,80,69,62,86,40,27,22,16,11,13,18,12,26,81,83,81,76,77,77,70,37,29,29,60,36,31,32,48,31,27,31,16,11,12,32,12,17,10,27,22,90,90,90,2,Right,SMU
wis,Stanley,Weaver,TE,4,65,82,87,83,73,71,85,59,63,73,67,58,67,69,71,49,34,25,25,18,27,22,18,26,76,78,78,61,60,58,63,51,47,44,56,58,54,40,58,73,64,70,42,54,59,58,18,26,12,18,16,79,86,83,3,Right,LSU
wis,Cade,Young,TE,2,65,89,87,78,76,76,88,44,74,78,72,72,71,62,75,36,36,15,9,4,9,17,7,22,80,81,80,63,62,63,63,52,45,49,52,50,52,36,54,37,23,36,16,13,13,32,16,24,19,20,18,81,89,83,83,Right,Stanford
wis,Davis,Higbee,LT,2,65,64,60,58,49,88,64,72,9,39,8,8,17,22,11,9,31,7,4,5,7,10,5,13,23,24,13,15,7,5,40,64,63,63,72,71,71,82,83,38,33,27,20,26,16,35,12,13,9,22,19,83,81,84,70,Right,West Virginia
wis,Jeff,Phillips,LT,10,92,64,64,65,52,90,63,97,5,24,10,12,16,27,8,11,24,4,5,4,8,12,4,14,42,15,12,14,6,5,14,93,91,93,80,73,82,80,93,40,25,26,14,9,11,19,12,8,12,22,18,86,80,75,69,Right,Colorado
wis,Kevin,Stidham,LG,0,74,75,83,57,58,80,67,81,35,48,31,21,35,36,38,10,24,6,4,5,5,6,4,17,42,37,38,35,34,30,31,73,72,77,78,78,75,87,81,37,35,40,37,29,29,33,17,26,17,22,21,86,92,79,64,Right,Memphis
wis,Chauncey,Jones Jr,LG,0,66,63,72,49,49,95,71,70,14,34,8,9,31,25,13,11,14,3,7,6,3,8,7,7,31,26,25,20,17,15,13,68,70,64,69,64,71,76,80,30,40,21,25,38,26,37,10,7,6,10,12,78,83,88,72,Right,USC
wis,Matt,Carlson,C,7,70,59,56,63,53,83,68,80,4,41,13,12,40,24,16,12,24,8,4,4,6,13,4,12,33,8,10,12,4,6,13,75,75,75,77,78,71,79,82,41,37,27,11,12,12,27,11,14,10,20,15,87,84,86,53,Right,Miami
wis,Denzel,Sewell,C,9,67,61,62,51,44,91,62,76,7,34,12,11,10,18,9,12,32,3,6,5,5,12,4,13,30,19,26,22,10,5,26,68,70,67,73,73,66,77,81,37,23,31,20,10,9,17,12,12,11,32,36,82,88,80,67,Right,Utah State
wis,P.J.,Robinson,RG,5,72,61,66,60,55,88,72,76,10,20,27,23,30,31,23,10,28,6,6,7,4,12,4,12,24,17,21,9,4,3,14,71,74,69,73,72,72,81,82,36,65,25,28,51,38,41,12,10,9,16,14,86,88,90,74,Right,TCU
wis,Kemon,Smith-Njigba,RG,2,61,78,84,60,52,81,69,53,12,26,9,12,26,26,19,11,25,7,4,4,6,12,8,8,30,9,14,14,4,4,13,68,71,60,68,68,71,73,85,30,25,33,31,21,17,24,6,7,11,29,22,81,92,70,6,Right,Tulsa
wis,Blake,Jackson,RT,6,63,59,63,53,43,84,62,71,5,20,16,12,23,26,18,8,10,6,8,8,7,10,5,13,22,15,17,17,6,5,16,64,67,64,70,69,74,81,80,33,41,25,14,12,12,23,10,15,8,16,15,81,89,83,48,Right,Florida
wis,Malcolm,Edmonds,RT,6,74,68,72,69,55,85,80,88,20,26,19,18,22,31,24,9,25,6,7,3,4,9,5,13,37,31,28,23,16,6,18,74,76,71,77,77,78,80,83,37,40,34,17,40,28,32,10,12,10,21,15,94,84,82,71,Right,Eastern Michigan
wis,Cameron,Taylor,LE,4,83,86,89,84,70,86,85,84,25,41,40,36,37,35,34,10,33,28,24,21,35,22,14,26,34,26,22,15,8,6,16,47,45,45,44,43,46,18,84,87,84,89,83,75,83,85,33,45,25,14,21,82,87,90,97,Right,Ohio State
wis,Jordan,Hallett II,LE,7,89,82,83,78,67,88,82,92,25,43,43,31,43,43,42,8,26,6,5,6,4,16,4,13,32,23,27,16,7,4,18,45,44,46,46,44,44,12,84,89,85,85,93,85,90,90,39,49,45,17,20,85,83,93,89,Right,Boise State
wis,Elgton,Davis,RE,6,64,63,65,64,49,83,69,68,19,34,32,19,36,42,32,11,25,7,6,7,7,12,5,12,36,28,20,14,8,5,24,44,44,47,45,46,45,27,79,80,76,80,71,68,62,71,19,30,16,19,11,73,90,86,96,Right,Iowa
wis,Wyatt,Garrett,RE,2,70,81,79,67,68,88,80,62,50,66,51,46,51,55,58,34,21,8,7,6,14,9,8,19,64,57,66,53,50,41,50,47,45,46,50,51,48,50,82,80,85,78,63,74,60,74,30,37,39,13,14,75,87,83,93,Right,Georgia Tech
wis,Ji'Ayir,Reddick,DT,0,64,56,71,52,44,94,72,67,9,26,14,11,25,33,17,8,42,29,27,22,31,28,23,32,25,13,16,11,6,6,14,46,44,43,45,44,43,34,83,76,76,74,72,62,62,70,13,17,10,21,21,72,86,85,100,Right,Kentucky
wis,Byron,Poyer,DT,2,64,69,77,58,51,81,72,65,10,30,23,32,36,34,15,10,16,5,6,7,6,4,7,15,35,27,34,13,7,7,16,47,45,45,44,44,45,34,78,76,75,78,65,62,53,67,16,19,18,26,22,73,86,84,66,Right,Oregon
wis,De'Von,Carpenter,DT,3,71,67,69,63,58,87,78,72,18,29,17,11,23,37,17,10,27,5,7,6,6,8,4,12,30,8,11,9,4,0,12,45,43,44,45,43,47,32,78,86,78,79,68,69,77,73,21,30,12,20,20,74,84,90,88,Right,Penn State
wis,Josh,Hurst,DT,3,70,77,86,72,60,87,76,68,19,27,18,13,23,35,17,8,25,7,8,4,7,10,6,14,36,11,23,8,5,3,13,46,46,45,45,47,43,21,79,78,79,82,68,62,74,68,19,28,11,19,19,80,91,89,8,Right,Missouri University of Science & Technology
wis,Elerson,Brown,LOLB,4,76,89,91,84,79,76,89,76,45,65,54,43,40,27,54,10,23,6,5,7,5,13,7,13,61,31,34,29,26,14,12,44,43,46,45,46,47,23,75,80,81,83,78,53,62,72,66,69,55,15,19,94,81,94,9,Right,Notre Dame
wis,Dareke,Johnson,LOLB,0,71,89,91,75,79,75,83,70,34,49,46,45,43,42,54,27,32,26,23,13,22,10,16,24,51,47,48,41,39,34,42,42,38,39,45,44,46,26,79,74,82,81,66,73,63,66,47,54,40,16,14,83,94,88,56,Right,Auburn
wis,Steven,Purcell,MLB,0,86,88,83,74,70,76,78,90,20,52,43,38,31,29,34,10,15,7,6,5,4,14,8,16,59,33,36,18,10,8,14,43,46,45,44,43,44,19,78,95,88,94,92,63,49,77,66,73,47,22,9,93,94,89,34,Right,Missouri
wis,Elijah,Stokes,MLB,7,87,87,90,85,79,74,87,88,30,47,49,43,38,29,42,12,17,4,8,8,6,8,6,12,59,37,48,15,4,6,16,44,46,45,43,46,43,19,79,91,87,87,87,62,74,78,72,81,36,22,15,89,91,89,49,Right,Virginia Tech
wis,Carter,Tuipulotu,ROLB,3,64,82,87,80,72,76,80,65,29,59,43,34,38,46,45,6,23,6,7,7,5,13,7,14,63,46,49,33,25,16,28,44,47,46,44,47,46,26,78,70,77,74,66,70,62,61,43,54,55,18,16,76,86,82,10,Right,Boise State
wis,Chris,Washington Jr,ROLB,4,90,84,87,72,71,77,86,91,30,52,53,37,52,38,62,11,23,7,4,7,4,11,5,11,63,44,54,21,14,4,15,46,44,44,44,45,45,24,80,85,80,96,96,50,58,80,66,76,52,19,21,93,93,84,60,Right,Boston College
wis,Eric,Hayes,CB,6,79,88,92,87,87,56,82,84,58,63,74,67,38,33,68,52,25,7,5,8,8,8,7,16,75,59,72,48,44,38,34,37,33,36,37,36,35,16,49,62,48,69,79,39,39,49,80,76,79,11,10,93,88,85,31,Right,Alabama
wis,Chris,Onyemata,CB,2,73,95,92,80,85,58,94,73,59,63,78,69,32,36,70,44,45,44,36,28,40,32,39,46,70,60,64,43,41,36,43,37,33,33,36,34,37,14,55,43,77,72,73,32,44,51,73,74,75,22,22,87,89,76,0,Right,Tennessee
wis,Siran,Smith,CB,6,71,90,90,84,85,58,83,70,54,53,73,70,40,42,64,79,24,5,4,8,7,13,8,14,67,42,61,28,19,15,20,14,32,34,19,32,35,15,45,64,59,73,65,40,44,54,72,74,79,18,15,89,88,83,26,Right,South Carolina
wis,Markus,Conley,CB,0,65,92,89,79,79,65,86,63,48,58,69,63,31,31,61,40,31,6,6,7,14,10,8,13,57,53,58,19,15,9,27,32,31,33,34,37,37,23,54,61,63,71,59,27,39,51,63,67,73,22,12,87,88,86,30,Right,Alabama
wis,Bumper,Claypool,FS,2,70,91,93,87,84,61,89,66,54,69,75,65,50,41,72,53,27,16,9,4,12,17,6,17,70,58,67,44,38,23,36,40,36,33,34,36,36,20,59,62,61,69,66,44,57,54,64,69,69,49,36,90,87,84,38,Right,Ole Miss
wis,Qadree,Kinsey,FS,0,76,92,96,85,78,58,86,72,54,66,69,63,45,48,54,33,21,4,5,4,7,12,5,21,62,53,60,16,13,12,13,24,34,37,19,36,36,20,66,73,88,78,75,27,31,57,64,74,62,33,34,89,88,90,11,Right,Georgia
wis,Dalton,Lovett,SS,4,65,87,91,83,85,63,88,61,42,58,72,62,54,41,61,42,24,8,7,8,4,20,6,12,63,51,61,20,8,10,17,35,33,35,36,37,33,20,55,67,77,75,62,41,50,52,58,63,62,20,20,86,85,73,37,Right,TCU
wis,Tershawn,Ekiyor Jr.,SS,7,77,87,89,88,87,70,87,81,67,66,85,84,33,29,80,75,28,8,7,8,6,11,7,13,75,71,74,18,10,11,26,33,36,36,33,34,36,12,50,62,55,73,78,31,37,54,77,82,79,14,9,92,88,86,22,Right,Memphis
wis,Corey,Hill,K,11,78,71,75,62,53,44,63,67,10,44,10,11,8,14,10,10,29,35,35,29,12,18,9,11,29,9,14,8,11,9,13,14,11,8,26,10,9,11,11,36,15,12,12,11,11,9,10,12,12,97,83,84,88,51,12,Right,Rice
wis,Michael,Pace Jr.,P,0,74,82,88,68,55,44,64,54,11,35,34,26,16,9,23,12,36,27,23,19,18,16,16,18,25,13,14,14,14,17,14,17,19,19,12,15,16,17,18,28,21,24,18,11,10,21,12,12,9,94,75,88,87,76,13,Right,Penn State
mia,Gervarrius,Little,QB,4,93,84,87,84,82,70,74,97,67,62,64,67,51,56,84,10,86,99,99,93,88,92,81,92,42,19,28,30,20,17,17,17,25,17,14,28,20,18,28,36,31,36,25,10,9,28,28,33,27,22,15,91,87,98,11,Right,LSU
mia,Malik,Bosa,QB,7,66,72,79,70,68,62,72,69,34,62,42,22,27,33,52,17,84,84,78,78,78,76,81,52,28,28,24,16,14,10,21,15,13,19,19,22,19,14,25,28,18,28,18,9,12,25,13,18,11,20,17,74,92,89,10,Right,Central Michigan
mia,Miles,Marlowe,HB,0,65,91,93,82,83,73,80,67,80,83,80,73,77,76,77,80,23,28,27,13,11,10,10,27,68,53,55,60,54,46,52,50,41,34,43,29,35,44,41,39,38,44,25,34,21,38,18,26,15,21,15,82,89,82,35,Right,Cincinnati
mia,Reggie,Cotton Sr,HB,0,64,90,90,85,88,55,82,57,73,72,81,74,56,50,72,80,27,8,8,4,7,8,4,12,60,57,62,50,42,38,40,46,33,37,30,28,30,24,44,53,59,69,60,30,36,55,63,61,61,20,16,85,89,85,26,Right,Boise State
mia,Shaun,Edwards Jr,FB,6,72,79,82,75,73,81,79,82,27,76,63,61,71,75,74,33,32,15,12,6,7,18,5,11,61,49,49,44,35,27,55,65,49,44,69,59,54,81,69,43,67,42,13,25,30,26,11,16,17,14,16,78,90,77,18,Right,Rutgers
mia,Trey,Koonce,WR,6,86,93,92,82,81,78,95,90,88,76,83,70,85,80,88,42,33,19,14,11,10,21,10,29,92,91,94,83,81,87,89,44,22,16,54,33,31,28,50,31,32,34,17,11,11,40,14,27,17,19,15,90,95,98,16,Right,Ole Miss
mia,Pat,Riley,WR,10,78,86,92,87,83,72,89,86,77,83,85,75,70,60,81,70,28,15,11,6,9,22,8,22,88,89,91,77,76,73,78,38,24,17,57,37,33,31,53,43,14,44,27,11,11,39,20,24,24,27,29,87,89,89,0,Right,Penn State
mia,DeVante,Littleton,WR,4,69,93,93,87,80,47,90,71,70,63,80,71,45,45,72,59,32,28,18,11,24,17,21,22,79,75,73,63,68,71,68,33,34,30,44,19,8,25,39,44,42,39,21,19,25,28,19,27,17,19,12,80,85,77,17,Right,Limestone College
mia,Aaron,Armstead,WR,2,66,85,89,87,81,59,87,65,70,71,75,68,54,59,77,64,50,41,30,27,42,32,30,31,79,80,78,68,65,66,62,33,26,22,51,32,32,24,43,27,28,30,15,12,9,27,9,8,10,17,17,85,88,89,85,Right,Charlotte
mia,Mike,Hance,WR,2,69,90,94,82,84,61,87,64,74,74,78,71,48,47,83,77,38,30,29,20,27,27,22,26,79,80,85,72,76,69,68,30,22,24,43,21,28,21,38,23,20,26,18,10,9,28,9,19,12,17,13,84,88,81,12,Right,Boise State
mia,Rashan,Jewell,TE,4,63,83,89,81,78,70,82,64,57,77,72,66,57,58,73,19,28,16,8,5,10,12,5,19,77,75,75,64,61,56,65,60,59,56,54,54,56,50,63,38,28,46,25,22,32,44,19,26,21,14,19,81,90,90,86,Right,Purdue
mia,Trey,Mathis,TE,5,66,81,81,79,67,72,73,72,58,72,63,57,69,63,64,26,65,54,48,47,41,44,26,45,79,73,74,65,58,55,65,61,57,62,60,57,60,52,64,31,16,28,19,8,8,23,12,22,15,12,24,84,88,84,80,Right,Michigan
mia,Diontae,Cole,LT,11,73,59,57,50,39,86,63,87,13,46,31,28,34,37,26,10,31,4,6,4,7,9,5,14,47,13,20,10,5,7,12,76,75,80,80,78,83,82,84,42,40,33,32,50,41,47,9,13,9,23,20,84,90,70,75,Right,Stanford
mia,William,McFadden,LT,3,64,70,81,73,61,85,70,66,10,32,10,8,15,18,16,10,22,7,5,5,8,6,4,7,20,14,17,13,14,11,20,66,66,73,68,67,66,84,75,29,31,25,21,25,30,31,9,11,9,16,13,83,87,81,79,Right,North Dakota
mia,Tyreke,Gaines,LG,9,66,72,74,60,47,81,73,83,5,66,11,11,20,22,8,10,28,8,8,5,8,8,8,10,41,25,14,13,3,5,41,72,72,67,65,71,68,78,73,41,19,27,20,27,13,41,14,13,12,21,21,82,84,78,68,Right,Cincinnati
mia,Bo,Linsley,LG,2,64,72,63,68,55,87,70,79,10,26,13,12,18,30,10,9,17,6,7,8,5,16,5,13,21,16,14,8,8,3,10,66,61,68,68,67,71,84,82,35,29,35,35,23,28,32,14,10,10,14,10,80,83,88,77,Right,LSU
mia,Roquan,Watt,C,3,74,62,68,60,50,85,71,84,6,38,11,11,17,21,9,9,24,8,7,4,6,8,4,10,29,27,14,16,4,5,18,76,75,78,72,73,71,79,81,30,20,28,20,27,17,38,11,17,12,21,21,89,91,84,69,Right,UCLA
mia,Jalen,Martin,C,9,86,63,63,61,56,90,65,96,10,24,8,12,10,31,16,10,11,7,6,4,7,13,4,14,37,17,16,14,7,5,14,81,83,77,90,89,94,91,95,46,29,40,15,19,21,36,10,14,10,12,8,89,90,98,66,Right,CSU-Pueblo
mia,Freddie,Barnett,RG,8,72,64,72,64,51,87,78,86,3,41,11,10,8,24,8,12,12,5,6,5,5,9,4,14,13,17,15,15,5,4,17,69,74,70,79,78,81,82,79,37,22,20,11,12,10,13,12,13,9,17,14,88,93,86,62,Right,West Virginia
mia,Derion,Heflin,RG,1,62,64,79,70,62,77,72,70,7,29,14,15,21,28,12,8,17,8,8,7,8,12,5,14,28,13,17,13,4,7,12,62,61,64,70,63,69,83,79,32,31,25,26,21,25,30,7,10,9,19,16,83,93,67,61,Right,Washington
mia,Daniel,Spiller,RT,8,66,69,60,64,47,83,75,80,3,23,9,9,8,13,12,12,29,6,6,5,8,11,5,13,25,11,12,11,4,7,11,75,77,70,62,65,58,84,83,23,13,31,21,11,12,14,16,20,8,23,26,82,73,73,1,Right,Texas AM
mia,J.J.,Granson,RT,4,65,64,67,66,54,83,66,71,7,22,14,10,8,25,15,12,17,6,8,8,4,10,6,11,26,27,25,23,11,8,45,69,64,70,67,67,73,82,78,31,40,31,19,20,15,31,11,13,10,18,24,79,84,84,2,Right,Vanderbilt
mia,Rigoberto,Anudike-Uzomah,LE,8,70,65,66,65,53,86,73,87,10,29,18,10,29,25,17,10,18,4,7,5,5,9,7,14,35,32,30,19,12,8,16,47,43,47,46,44,44,35,83,76,80,84,86,76,59,73,25,28,24,17,15,75,90,87,70,Right,Vanderbilt
mia,D'Ernest,Parham,LE,7,75,64,72,69,59,89,73,85,8,24,16,13,21,18,16,9,19,7,5,8,6,8,8,14,21,17,13,17,8,3,16,46,45,46,45,47,46,30,84,79,81,81,86,77,55,74,18,30,10,11,15,77,86,88,95,Right,Connecticut
mia,Jordan,Vohasek,RE,8,80,73,77,68,56,87,81,93,17,30,31,16,34,26,31,9,12,4,6,6,8,16,8,10,36,36,35,19,19,16,14,43,43,47,46,43,47,19,88,88,81,87,90,82,69,80,23,35,12,12,23,80,93,82,92,Right,Arkansas
mia,Colby,Mason,RE,2,62,67,67,64,54,81,72,64,20,35,18,15,26,29,25,9,20,20,18,11,15,12,10,12,35,16,17,12,10,11,13,47,47,46,52,51,48,40,79,76,78,83,68,61,50,73,11,11,18,15,17,71,88,86,99,Right,Arizona St.
mia,Cole,Ximines,DT,0,64,73,84,72,63,74,71,70,21,35,24,26,30,31,22,9,23,9,7,4,6,10,8,19,23,9,14,8,6,4,16,43,43,44,46,46,46,30,78,78,74,79,68,65,61,64,18,29,23,21,15,77,94,85,94,Right,Florida
mia,Montaric,Jones,DT,2,76,69,72,66,53,92,73,80,12,34,24,21,33,40,25,9,24,8,8,4,5,13,7,11,24,18,16,14,5,4,15,42,46,43,44,45,46,33,83,84,81,82,82,78,66,81,18,23,17,19,20,74,91,88,54,Right,Ohio State
mia,Rhamondre,Lawrence II,DT,7,81,68,78,66,47,93,70,83,17,27,21,17,32,51,22,8,26,7,6,8,7,17,6,10,28,14,16,12,7,1,14,45,46,47,45,47,46,41,91,86,76,86,89,77,62,83,20,29,11,22,21,76,83,82,57,Right,Samford
mia,Lance,Ebiketie,DT,2,68,67,70,68,60,92,75,68,18,22,15,17,29,30,15,15,22,7,5,4,7,14,7,11,24,15,14,11,9,7,14,46,46,44,43,47,45,31,78,80,72,77,71,70,59,70,11,20,11,17,13,79,92,88,89,Right,Arizona
mia,Chris,Melton,LOLB,4,64,81,87,79,71,75,89,58,36,53,40,37,33,32,47,11,26,7,6,8,7,9,8,10,50,37,46,29,26,17,27,46,43,44,43,43,45,22,74,77,76,79,53,69,55,62,33,44,28,16,17,75,82,85,3,Right,Northern Iowa
mia,Smoke,Swain,LOLB,5,65,76,78,73,65,74,76,70,30,64,46,36,38,38,55,12,22,7,8,4,6,15,4,13,67,50,41,19,11,8,25,46,45,44,43,46,43,16,73,81,76,79,70,63,61,65,46,59,55,13,17,81,95,95,43,Right,Temple
mia,Alex,Coughlin,MLB,3,63,82,82,70,68,72,80,57,23,53,37,36,41,42,31,11,32,7,4,6,8,14,4,12,48,26,26,17,6,5,13,46,45,47,46,46,47,31,81,80,87,80,62,52,49,64,52,61,45,21,18,80,88,86,51,Right,Auburn
mia,Joshua,Chachere,MLB,7,75,83,85,82,72,78,86,82,21,63,42,34,38,40,50,9,25,6,6,6,4,8,5,11,70,21,31,11,8,6,27,47,43,44,46,44,45,21,79,87,84,87,81,67,55,64,65,67,58,12,24,91,89,77,4,Right,Texas
mia,David,Boykin,ROLB,0,65,85,90,83,74,72,83,68,23,30,45,37,32,31,28,12,19,4,8,4,8,12,7,17,39,28,29,17,9,7,12,43,46,44,43,43,47,19,67,76,80,79,63,65,69,64,18,29,25,32,29,77,91,78,50,Right,W. Kentucky
mia,Jake,Jackson,ROLB,8,66,68,69,65,50,80,72,77,9,31,23,21,28,32,24,7,20,5,4,4,6,13,4,13,25,17,19,14,6,4,16,43,43,43,47,45,44,23,83,82,82,79,78,73,62,74,38,46,24,22,20,81,88,89,5,Right,Illinois
mia,Chris,Wilson,CB,5,65,88,92,83,78,57,82,71,55,66,78,69,28,22,71,84,25,7,8,5,6,9,5,15,75,58,62,50,44,41,30,37,34,33,34,36,35,13,46,50,52,66,68,23,34,39,69,69,74,40,36,87,83,75,25,Right,Virginia Tech
mia,Cody,Perryman,CB,1,64,93,92,79,79,65,91,53,76,67,82,74,59,57,83,82,26,16,13,7,14,13,6,15,59,55,59,35,31,26,38,29,31,30,34,37,35,18,50,51,67,68,51,31,37,42,63,61,70,20,14,85,90,82,28,Right,Jackson St.
mia,Greg,Mann,CB,3,69,91,86,85,84,69,89,69,62,68,76,65,49,58,75,23,22,7,8,6,4,16,5,14,64,60,74,44,33,29,38,37,39,36,36,33,34,26,58,63,65,77,73,41,42,57,67,70,72,18,13,92,93,85,22,Right,SMU
mia,Chase,Pacheco,CB,5,76,89,89,85,89,64,83,78,68,65,80,75,36,37,75,82,23,7,5,7,5,12,6,15,73,74,75,32,22,14,24,37,35,35,37,37,33,8,50,62,65,79,80,26,35,53,76,72,82,25,24,88,91,85,6,Right,Michigan
mia,Kevon,Pitre,FS,0,71,87,92,82,88,62,93,71,46,56,64,59,41,38,59,35,24,22,14,11,26,13,22,26,69,51,62,30,27,22,24,37,33,34,33,36,37,16,54,68,65,78,66,36,46,53,61,69,67,11,16,90,93,76,24,Right,Yale
mia,Troy,Thomas,FS,3,79,88,92,85,85,60,79,83,45,58,70,63,47,38,51,59,20,8,6,5,6,17,6,12,71,52,65,20,10,12,17,34,35,33,34,36,33,15,59,84,69,83,79,49,52,56,67,71,67,22,23,95,91,84,33,Right,Wash. St.
mia,Kevin,Dillard,SS,6,76,85,85,87,79,74,91,75,44,63,64,63,56,47,60,74,33,15,16,14,6,17,8,18,73,48,64,45,33,31,43,24,32,31,22,34,34,25,72,67,91,84,77,49,56,65,67,69,80,23,19,85,85,94,29,Right,Florida
mia,Brandon,Boone,SS,3,75,87,89,86,81,61,86,78,50,58,69,65,38,23,71,39,22,4,6,7,7,15,8,15,74,51,64,24,15,10,16,37,35,37,35,36,36,12,61,67,79,81,75,23,27,58,68,72,75,25,25,89,87,92,20,Right,Kentucky
mia,Tyus,Tremble,K,7,80,76,82,68,55,36,53,71,14,35,16,8,14,13,18,9,26,35,18,13,22,15,18,15,27,17,16,21,16,13,17,21,19,16,18,14,14,13,17,27,25,41,17,11,10,25,20,13,9,95,86,84,88,59,7,Right,Memphis
mia,Michael,Hargrave,P,5,74,76,74,66,55,67,86,59,23,39,37,20,21,25,36,10,50,44,35,24,27,19,15,20,39,15,15,16,14,15,15,19,19,20,15,19,19,15,21,53,66,50,23,8,12,29,13,18,8,91,79,85,86,87,8,Left,Arkansas P.B.
bos,Chuba,Overshown,QB,3,66,82,88,78,83,69,78,66,55,54,38,31,31,47,70,18,88,80,77,71,74,72,74,70,43,28,37,29,23,16,11,15,14,14,24,16,13,13,23,22,18,26,17,8,9,18,16,18,12,20,13,78,88,91,4,Right,Missouri
bos,Arik,Karras,QB,8,79,85,79,81,73,60,81,85,63,57,63,68,56,37,73,13,90,91,85,87,86,86,86,74,56,47,50,31,20,11,30,22,22,22,19,14,16,23,36,38,12,31,18,8,9,26,19,27,17,21,13,91,88,88,9,Right,West Virginia
bos,Shaquil,Summers,HB,0,78,87,91,79,79,80,79,78,82,93,81,70,80,89,85,71,29,27,20,20,20,15,18,29,67,43,44,54,43,39,45,52,39,37,36,25,30,44,45,41,41,46,17,12,13,38,14,16,12,18,19,90,94,90,8,Right,Alabama
bos,Mason,Johnson,HB,2,70,93,91,85,87,64,89,72,76,83,78,70,65,74,76,75,26,23,13,12,15,10,15,23,70,53,49,59,53,43,53,52,41,37,32,26,23,39,46,35,32,38,22,9,10,37,17,20,18,21,12,85,92,80,18,Right,Miami
bos,Drew,Deguara,FB,6,66,77,87,81,72,82,84,53,49,75,74,60,80,80,72,38,29,18,15,8,8,12,10,13,66,58,51,56,51,42,65,65,46,40,57,49,44,74,51,68,76,74,56,72,62,71,31,40,28,25,25,86,92,87,39,Right,West Georgia
bos,Jonathan,Wilson Jr,WR,5,72,92,90,86,87,63,87,71,71,75,76,71,62,38,76,58,30,21,17,15,19,17,15,25,79,78,81,68,71,74,68,37,21,16,56,30,20,27,48,30,20,29,20,10,10,27,19,25,13,18,19,82,86,77,14,Right,North Texas
bos,Isaiah,Fenton,WR,0,68,90,91,77,76,71,88,75,72,74,71,63,51,63,74,41,32,14,10,7,11,16,7,21,84,79,81,70,72,68,71,38,21,20,56,32,30,32,48,41,35,36,26,11,11,40,23,26,30,16,13,85,88,85,1,Right,Florida
bos,Sauce,Brown,WR,0,63,88,91,81,78,52,76,67,72,67,73,72,51,48,79,48,23,13,11,4,11,20,5,22,79,78,79,67,69,70,59,23,20,26,39,27,20,16,31,25,20,24,16,9,10,25,15,18,17,20,20,80,85,81,82,Right,Florida State
bos,Mazi,Johnson,WR,3,63,88,94,84,83,59,87,67,64,74,71,65,46,36,70,70,20,16,8,4,8,14,8,22,81,74,77,66,65,64,62,38,31,28,48,34,27,29,42,31,20,29,13,10,8,25,9,17,10,16,12,79,86,80,85,Right,Florida
bos,Alex,Vorhees,WR,2,69,96,96,85,83,54,78,65,68,65,75,72,44,41,81,43,21,13,11,12,12,14,21,22,76,76,77,69,69,72,61,28,19,21,40,11,17,25,39,28,27,35,22,10,12,29,17,28,19,20,13,81,84,76,10,Right,Auburn
bos,Keelan,Gano,TE,3,67,83,91,82,78,70,79,66,58,75,64,61,62,66,74,11,23,16,11,5,11,14,6,19,75,69,76,69,63,59,64,57,50,55,59,52,54,55,58,17,24,25,23,11,8,24,11,15,14,20,11,83,81,84,83,Right,SMU
bos,Jourdan,Allen,TE,8,81,80,81,82,69,75,79,93,70,83,73,71,72,71,85,37,41,16,9,7,8,16,8,25,93,85,83,77,77,71,83,60,61,57,56,50,56,57,66,35,12,34,16,8,8,43,20,19,11,21,20,89,89,85,86,Right,Stanford
bos,Rasheed,Thielen,LT,3,76,69,66,70,54,87,60,80,14,23,17,11,21,28,15,11,17,10,5,8,7,10,4,13,19,17,15,10,9,5,13,76,80,75,83,81,80,82,85,34,34,27,13,19,14,31,14,13,10,15,12,88,81,95,79,Right,Georgia
bos,Connor,Bredeson,LT,7,72,60,64,67,49,84,73,78,12,23,12,10,9,10,15,11,16,7,5,4,3,8,7,11,29,20,21,20,17,10,13,78,75,77,70,66,70,75,78,38,32,34,15,12,17,30,13,10,12,18,10,87,87,87,78,Right,Louisville
bos,Tommy,Smith-Williams,LG,4,64,65,69,51,53,94,75,63,12,41,10,22,34,27,20,10,13,7,4,8,5,13,7,13,31,14,15,21,8,8,14,69,70,66,66,71,65,83,84,33,36,29,18,25,12,27,14,10,10,36,20,89,90,91,76,Right,Clemson
bos,Ke'Shawn,Robinson II,LG,3,65,74,86,59,54,94,81,62,12,24,29,23,30,35,27,9,28,5,5,5,6,11,8,10,28,21,24,15,5,3,25,67,66,63,63,66,62,79,80,48,48,42,35,44,34,45,14,21,17,26,22,82,87,84,2,Right,Weber State
bos,Kristian,Shudak,C,0,72,65,69,63,49,90,67,83,14,32,9,9,17,24,10,10,22,5,5,8,7,12,5,17,23,19,16,15,4,7,15,75,72,76,72,74,71,82,86,24,22,30,22,26,13,31,12,12,11,14,13,84,89,91,70,Right,Notre Dame
bos,Mecole,Sneed,C,9,65,61,62,53,48,85,69,79,3,43,9,12,28,20,12,10,30,8,4,6,6,10,8,13,44,17,16,17,5,4,13,66,72,69,66,73,67,79,76,37,18,27,17,10,12,18,12,15,10,23,27,80,91,75,61,Right,Florida
bos,Mitch,Anderson,RG,0,61,62,64,49,45,79,65,70,8,27,8,8,20,26,15,12,22,5,4,7,6,3,5,8,27,12,13,8,7,5,12,65,70,64,69,70,66,69,85,29,37,32,23,24,18,24,11,9,11,13,8,86,90,88,64,Right,Alabama
bos,Ben,Bitonio,RG,3,78,64,58,60,52,91,68,86,29,37,30,10,15,34,29,10,24,4,4,7,7,13,7,12,42,17,25,13,4,5,10,79,84,78,83,79,81,84,88,40,38,27,26,30,11,30,12,15,8,18,22,91,89,85,67,Right,UL Lafayette
bos,Ogbonnia,Jacobs,RT,1,68,73,76,61,50,83,71,76,15,27,18,14,28,37,30,8,27,5,5,4,5,15,4,10,35,31,25,28,17,8,21,69,68,72,69,66,75,83,80,38,44,28,24,34,26,29,14,15,11,22,18,85,86,94,62,Right,Auburn
bos,Kyle,Gilbert III,RT,5,80,69,75,61,51,86,79,91,33,44,32,31,35,32,28,12,28,8,7,7,6,10,5,11,53,49,40,34,30,23,44,70,75,65,87,86,92,86,82,34,34,29,51,46,33,40,15,21,10,21,13,86,90,97,77,Right,Washington
bos,Harrison,McGary,LE,5,73,82,83,76,69,74,78,69,25,37,40,28,42,42,34,10,24,5,8,5,7,14,7,33,42,34,35,23,17,10,30,44,45,43,45,45,43,15,76,80,81,81,64,63,76,64,36,42,33,23,23,79,92,82,53,Right,Missouri
bos,Connor,Robinson,LE,6,74,71,79,67,61,86,78,81,18,26,26,18,27,18,19,11,8,6,8,7,5,16,7,10,22,21,18,15,7,2,15,45,47,43,45,47,46,22,83,84,75,83,86,71,52,77,22,27,11,7,7,77,87,89,3,Right,Rutgers
bos,Randy,Olave,RE,5,83,70,75,72,59,93,67,91,39,58,52,50,51,61,51,28,43,34,30,26,35,29,25,34,55,46,49,40,38,32,41,46,48,45,52,50,45,43,87,89,82,85,87,83,68,87,25,29,23,23,16,84,94,96,93,Right,Auburn
bos,Stefon,Jones,RE,6,65,70,72,63,62,80,80,62,14,27,20,19,29,31,20,12,24,16,10,8,7,8,11,13,29,17,16,12,7,3,13,43,44,47,45,45,47,14,79,81,77,78,64,70,57,69,19,26,18,21,20,72,87,83,89,Right,Oregon
bos,Preston,Blackwell,DT,3,61,63,70,57,47,85,73,52,35,47,39,33,46,41,42,9,19,6,5,5,6,9,4,12,33,29,31,28,21,22,25,47,45,43,47,44,45,34,74,77,81,80,55,64,53,71,18,17,17,13,10,71,84,83,94,Right,Texas AM
bos,Jarrett,Paschal,DT,6,66,66,74,68,56,90,75,67,10,37,11,8,37,36,19,9,18,6,5,8,4,12,4,12,49,17,14,15,12,5,13,44,46,47,44,45,46,14,79,81,80,77,67,71,64,69,12,21,12,17,14,69,86,82,5,Right,Bucknell
bos,Geno,Stout,DT,1,63,66,74,65,60,85,77,65,11,33,8,11,36,32,21,10,20,14,12,7,7,9,5,14,39,17,19,17,8,7,13,42,40,40,45,46,44,21,71,80,78,73,64,62,67,67,14,19,12,10,12,72,91,77,90,Right,J. Madison
bos,Roy,Wonnum,DT,7,65,68,78,65,59,80,74,75,11,37,23,16,34,31,22,8,21,6,5,5,7,11,7,11,34,26,29,15,7,3,15,43,46,45,44,48,45,33,80,77,80,77,71,77,63,60,30,46,13,18,17,78,86,90,51,Right,Notre Dame
bos,Dawand,Gonzalez,LOLB,5,68,87,87,81,73,75,85,55,48,50,63,55,54,52,62,10,68,56,52,56,59,44,53,51,48,32,29,16,7,4,20,46,44,46,47,43,44,18,77,79,80,79,56,54,66,65,50,55,32,18,13,80,85,87,41,Left,TCU
bos,Ryan,Tom,LOLB,7,71,86,84,78,67,78,91,69,17,51,46,46,43,38,38,9,32,7,7,8,5,12,6,13,63,25,37,16,4,7,30,47,46,46,46,46,47,18,80,82,86,85,73,76,68,71,43,58,54,25,20,82,81,84,49,Right,Kentucky
bos,Tariq,Jackson,MLB,5,72,83,89,84,78,74,85,81,35,63,55,42,34,40,50,15,68,46,41,37,44,46,34,36,54,51,55,25,14,7,20,47,46,47,47,44,43,19,76,79,83,85,77,58,68,71,55,63,47,19,14,78,87,87,57,Right,Idaho
bos,Carter,Lockett,MLB,1,66,82,81,74,69,76,77,66,30,50,60,44,37,43,45,11,20,6,6,4,5,16,5,14,56,40,46,19,11,7,26,44,44,44,47,47,46,21,82,80,89,75,69,58,49,67,52,55,49,16,14,81,92,92,52,Right,Miami
bos,Sean,Watts,ROLB,3,71,84,86,75,70,80,85,73,20,43,42,39,46,39,37,11,28,5,8,5,5,9,4,14,52,32,37,15,11,5,15,43,47,44,46,44,44,11,76,72,78,78,69,66,75,65,49,56,36,13,17,84,81,86,46,Right,Sioux Falls
bos,Equanimeous,Jacobs,ROLB,2,65,87,89,70,67,74,73,62,10,44,19,23,26,34,27,8,24,8,8,7,5,18,6,11,45,28,25,17,4,3,20,47,47,47,46,47,44,18,67,76,83,86,53,43,48,62,58,56,32,24,24,86,93,91,40,Right,Houston
bos,Alontae,Booth Jr,CB,4,72,90,92,90,89,59,82,72,47,57,68,64,44,34,61,36,21,4,7,5,5,13,6,11,59,54,63,21,15,12,21,35,35,35,33,35,35,19,45,53,58,71,72,28,34,52,71,76,80,20,11,90,89,74,27,Right,Minnesota
bos,Anton,Fields,CB,3,76,86,89,84,83,58,91,81,49,63,72,64,44,45,69,39,37,8,5,4,6,10,7,8,70,66,73,60,57,48,45,36,33,34,37,36,34,19,55,69,57,74,78,44,45,53,73,77,87,17,14,89,86,83,37,Right,Virginia
bos,Jaxon,Leonard,CB,0,66,86,87,83,77,57,81,67,46,60,77,65,26,24,71,41,24,7,5,8,5,8,8,16,67,54,61,25,21,12,15,22,23,27,20,24,27,13,49,52,58,65,67,21,24,46,69,70,64,15,11,91,88,77,6,Right,Kansas State
bos,Logan,Teamer Jr,CB,4,71,89,91,90,89,62,88,73,51,65,68,65,31,42,73,46,29,5,7,5,8,18,8,9,74,59,71,36,33,26,36,37,33,37,36,37,35,15,42,54,59,72,74,35,42,49,66,73,81,30,29,91,92,84,31,Right,Stanford
bos,Juan,Rountree III,FS,1,65,92,96,81,82,58,86,66,48,57,73,65,32,37,60,34,28,17,13,11,17,6,7,18,59,54,56,36,32,24,25,36,34,35,36,32,34,20,48,56,80,67,67,32,37,48,65,70,59,19,13,86,87,72,34,Right,UL Lafayette
bos,Joey,Barnes,FS,4,79,88,89,82,85,68,94,82,56,64,77,59,51,51,67,44,51,42,42,31,33,29,16,22,77,60,66,18,11,12,17,33,35,33,34,34,33,19,60,71,75,74,82,37,48,53,67,73,70,20,17,94,94,84,0,Right,Virginia
bos,Liam,McCloud III,SS,3,76,94,89,84,87,60,92,82,54,70,79,73,40,36,72,61,19,15,9,12,16,12,17,14,70,60,69,33,21,17,24,37,37,37,37,33,35,14,57,61,83,75,79,33,52,54,74,75,66,25,14,90,93,85,26,Right,Maryland
bos,Racey,Wharton,SS,3,82,91,88,89,86,60,88,81,61,64,75,68,31,32,75,72,29,7,4,6,5,12,5,13,69,58,65,40,30,23,39,36,33,37,37,34,33,18,46,83,60,78,77,28,35,51,75,79,73,17,16,92,91,84,22,Right,Notre Dame
bos,Innis,Winston,K,12,74,71,72,60,53,40,62,64,11,38,11,10,12,11,10,11,30,34,28,24,18,21,18,17,35,8,12,10,8,9,13,17,17,16,14,14,14,11,11,24,14,15,11,12,10,13,13,10,11,96,76,85,96,54,7,Right,Missouri W State
bos,Jordan,Gordon,P,1,70,76,74,66,61,48,67,52,11,24,25,21,10,12,20,11,35,33,26,23,27,16,22,24,28,17,17,16,15,16,16,17,17,13,15,15,14,13,13,28,28,31,19,12,8,22,9,11,11,89,86,84,83,73,11,Right,Michigan
nye,Brian,Bellore,QB,0,64,77,86,81,80,65,74,64,55,58,62,41,40,43,74,9,87,78,77,78,78,74,79,64,35,16,20,14,15,13,16,16,14,14,19,20,23,22,19,28,21,29,16,11,8,20,11,17,9,21,21,78,87,83,19,Right,Kansas State
nye,Derek,White,QB,5,64,83,85,85,79,59,72,68,62,56,69,68,34,38,78,19,91,79,71,71,78,79,68,78,29,18,21,17,17,13,21,16,16,19,18,8,10,8,17,23,11,27,22,7,10,21,11,17,11,19,22,74,88,84,17,Right,Temple
nye,Greg,Tell III,HB,11,68,87,87,82,76,76,88,78,75,90,77,77,79,81,78,78,38,11,10,8,8,19,10,18,67,57,59,58,55,49,58,53,34,26,63,47,44,63,56,55,45,59,23,9,11,51,11,26,22,23,30,82,90,89,32,Left,Ole Miss
nye,Peyton,Smith Jr,HB,3,77,92,85,87,84,71,85,74,78,89,83,78,75,70,80,63,49,41,31,22,40,31,31,32,67,54,56,63,59,52,57,59,36,31,34,17,27,27,31,32,22,39,13,11,10,23,10,16,13,49,44,85,90,85,16,Left,Memphis
nye,Julian,Horne,FB,0,62,87,89,83,72,71,87,47,52,72,67,60,68,71,74,66,45,33,31,21,26,11,14,32,72,68,60,61,52,48,42,52,49,50,57,57,56,69,53,48,54,56,35,43,35,47,22,27,17,20,20,76,86,88,44,Right,North Dakota St.
nye,Tyrie,McLaughlin,WR,1,65,93,89,87,86,61,88,53,75,72,77,70,55,49,82,50,28,18,14,9,17,20,23,26,80,80,76,62,64,66,60,23,17,15,35,21,16,16,34,27,23,29,17,12,12,28,8,8,18,23,22,79,86,88,80,Right,Princeton
nye,Chase,Wirfs,WR,9,77,88,92,88,83,73,91,84,82,81,82,79,65,58,85,74,36,27,20,14,16,20,12,24,81,85,89,79,80,77,79,44,25,22,51,39,39,28,47,33,11,20,16,8,9,35,18,14,19,23,26,90,90,90,0,Right,California
nye,Collin,Smith,WR,1,75,92,96,89,88,58,87,72,78,71,87,78,35,43,86,87,26,22,17,11,23,13,10,21,84,67,73,71,68,73,58,35,17,13,40,17,11,17,32,27,17,31,18,17,14,23,27,31,15,19,16,80,84,78,24,Right,Weber State
nye,Nick,Eichenberg,WR,0,71,96,94,95,90,47,88,53,82,66,85,76,27,25,84,94,42,33,27,22,36,31,25,33,76,71,72,60,64,63,50,23,8,10,31,16,23,17,31,10,15,25,17,10,8,10,25,23,11,15,13,81,85,78,10,Right,TCU
nye,Mike,Johnston,WR,0,70,92,92,79,84,58,79,49,71,65,75,75,48,48,84,71,23,14,8,5,8,20,4,20,80,74,76,76,74,73,67,25,19,17,46,18,9,26,39,36,30,37,24,8,10,29,24,32,22,16,11,87,93,94,18,Right,Fresno State
nye,Derek,Jackson,TE,3,75,83,85,73,69,74,86,75,71,72,73,68,73,71,71,54,43,36,26,21,30,21,14,29,87,80,80,67,65,63,63,58,56,54,58,58,56,64,65,28,13,24,15,21,19,25,11,16,12,18,13,82,88,82,82,Right,UCF
nye,Jordan,Zavala,TE,1,85,85,83,77,70,78,90,90,65,77,64,59,71,78,73,29,31,51,16,12,10,15,6,18,94,87,82,78,75,64,80,62,62,62,60,60,59,58,74,60,58,58,43,50,46,56,32,39,26,73,61,88,93,88,89,Right,Penn State
nye,Andre,Downs,LT,1,61,75,81,57,61,80,80,65,37,45,37,31,41,39,37,11,21,14,13,7,10,9,8,12,46,43,40,36,31,27,44,67,68,70,66,62,67,81,74,36,39,39,35,33,27,44,11,10,10,23,16,85,92,73,79,Right,Arizona St.
nye,Leki,Okwara,LT,12,89,79,79,67,59,88,81,90,17,64,37,24,33,36,30,12,28,7,5,5,4,18,7,12,63,54,53,45,33,24,46,92,89,94,83,81,86,84,85,38,19,23,16,11,12,26,16,19,8,25,27,89,82,85,72,Right,Arkansas P.B.
nye,Jack,Achane,LG,2,61,65,62,58,51,81,79,76,7,38,8,12,27,25,10,9,23,5,6,8,5,13,7,13,31,8,13,10,10,8,14,65,60,64,68,68,73,81,82,34,20,23,11,12,9,16,12,15,11,26,23,84,92,82,75,Right,Ohio State
nye,Brenden,Conklin,LG,7,91,73,77,68,54,89,70,91,10,31,15,10,19,29,18,8,23,5,5,5,7,15,4,14,25,17,13,14,4,7,13,93,90,93,84,82,83,81,87,31,47,34,8,10,8,32,13,14,12,13,13,91,97,95,63,Right,N.C. State
nye,Jermar,Uwazurike,C,2,75,60,58,58,49,90,68,86,12,30,12,9,12,26,11,11,26,6,6,4,7,10,8,14,32,12,15,12,8,7,17,73,76,74,72,72,72,88,88,31,29,37,19,30,22,32,13,11,10,19,13,82,86,86,71,Right,Ohio State
nye,Cade,Reed,C,8,76,64,71,64,53,86,81,86,10,32,18,15,33,30,18,10,20,4,4,6,4,13,6,11,29,14,15,15,3,6,14,76,75,76,79,78,86,82,84,28,27,32,20,15,10,27,12,17,9,22,21,86,88,93,61,Right,Missouri
nye,Allen,Walker III,RG,1,78,68,73,65,58,87,74,86,19,27,21,15,24,27,11,12,27,5,8,5,8,16,5,12,36,21,14,18,12,3,20,81,83,79,67,68,69,79,85,31,22,29,27,23,17,21,13,17,12,15,12,89,90,90,74,Right,Michigan
nye,Ben,Eskridge,RG,9,85,70,70,62,57,87,78,86,5,47,8,8,32,27,10,12,31,5,6,4,5,11,8,13,41,15,17,16,4,7,17,81,84,78,86,91,82,84,87,45,23,29,17,10,8,18,13,14,9,26,26,88,92,82,67,Right,Georgia Tech
nye,Cameron,Daley,RT,3,69,54,47,41,38,90,73,56,38,45,23,22,54,46,36,9,29,17,13,11,7,14,8,19,35,32,31,25,16,12,16,70,76,66,74,80,72,72,88,45,47,30,14,15,13,37,5,7,9,21,14,77,89,72,1,Right,Minnesota
nye,Graham,Curl,RT,10,80,67,59,58,56,84,67,84,8,42,10,12,24,23,10,8,26,7,4,7,8,14,4,11,29,11,14,12,7,7,14,75,84,68,86,92,82,86,85,35,21,23,8,10,12,15,13,13,11,26,20,83,83,90,70,Left,LSU
nye,Johnny,Baccellia,LE,1,64,55,54,55,55,80,63,73,20,44,15,12,37,47,25,26,17,8,8,7,8,12,8,14,31,24,20,19,11,10,14,43,47,47,46,46,43,39,83,78,76,79,75,72,56,71,13,11,15,13,14,76,85,80,92,Right,Michigan St.
nye,James,Echols,LE,5,73,80,81,72,61,82,79,69,24,34,30,24,33,28,38,10,22,8,4,4,5,16,4,12,32,12,13,10,3,3,12,43,45,47,45,43,47,16,80,85,76,82,71,76,63,74,20,26,21,20,12,81,89,87,94,Right,USC
nye,Nick,Ramirez,RE,3,71,82,83,79,67,84,78,64,33,50,49,45,53,51,52,8,38,36,32,24,40,31,30,30,40,43,40,32,27,21,35,51,47,44,49,50,53,32,81,74,83,80,64,73,66,72,40,44,33,18,8,82,88,89,77,Right,University of Charleston
nye,Andrew,Huntley,RE,3,63,87,89,81,74,71,92,53,19,44,46,44,46,32,32,8,28,8,8,7,6,11,4,14,38,31,34,14,7,6,19,44,46,46,46,44,43,16,68,74,68,76,48,52,69,61,23,32,29,20,16,74,89,66,56,Right,Penn State
nye,Emmanuel,Fries,DT,10,66,68,73,68,49,84,71,65,8,44,11,12,33,35,24,11,16,5,6,7,6,9,6,12,31,13,17,13,7,2,16,44,47,47,45,46,45,31,82,79,75,80,65,73,50,70,16,27,10,17,11,76,90,84,2,Right,N.C. State
nye,L.J.,St. Brown,DT,4,76,72,80,65,51,87,73,84,10,38,9,12,28,32,8,17,27,4,4,4,5,17,5,10,34,15,16,12,5,4,13,43,43,46,45,46,44,30,81,83,80,84,86,77,74,78,10,25,12,16,12,76,85,87,91,Right,FIU
nye,Geno,Howard,DT,2,68,72,69,62,60,89,76,67,17,37,21,17,27,27,19,12,11,7,8,6,5,11,8,11,34,16,19,11,3,4,15,53,52,54,54,50,51,50,81,76,77,81,70,67,60,68,16,21,16,21,17,74,86,87,93,Right,USC
nye,Treylon,Udoh,DT,9,95,69,80,72,64,96,61,97,11,29,33,19,31,33,26,11,24,4,8,5,5,18,5,14,31,13,15,12,5,5,16,43,46,45,46,46,46,20,91,93,86,95,95,97,87,86,23,30,12,18,18,88,94,92,97,Right,Mississippi St.
nye,Jose,Andrews,LOLB,2,62,75,80,83,73,71,81,63,28,39,33,30,38,32,37,11,22,8,8,5,8,12,7,12,34,38,34,35,32,26,27,46,44,44,47,45,45,21,75,79,85,83,61,67,62,72,31,48,31,20,16,73,89,77,3,Right,Ohio State
nye,Marcus,Butler,LOLB,2,61,83,89,80,74,77,74,65,45,56,48,42,42,49,52,14,26,13,7,7,9,13,5,14,54,56,53,46,39,33,45,43,47,45,44,47,45,29,83,76,74,76,62,67,58,65,25,29,29,38,37,72,93,77,58,Right,Central Michigan
nye,Josiah,Shaffer,MLB,6,78,87,88,80,72,78,81,82,53,45,57,41,42,32,56,12,27,5,8,8,5,18,4,11,66,45,55,36,28,22,32,44,44,47,43,44,46,24,80,86,80,82,80,66,56,69,63,75,55,28,18,92,89,80,55,Right,N.C. State
nye,Leighton,Torrence II,MLB,0,65,84,90,85,78,69,86,61,53,59,56,48,45,48,65,37,45,37,35,27,45,30,32,44,55,50,51,31,14,8,20,46,44,46,45,44,47,24,69,74,74,81,66,42,46,61,54,64,37,17,19,84,87,86,53,Right,Clemson
nye,George,Vildor,ROLB,8,83,85,87,84,69,91,95,85,29,60,54,62,52,53,56,8,32,5,6,7,8,11,6,14,63,55,54,17,6,6,30,45,44,45,45,44,43,29,90,84,89,87,85,84,82,84,49,57,48,26,22,87,93,91,51,Right,Buffalo
nye,Maliek,Brewer,ROLB,5,61,85,85,79,73,69,84,59,43,53,67,57,48,54,46,25,24,4,5,7,6,13,8,14,59,48,53,33,31,24,25,44,46,43,44,46,47,18,78,74,82,78,57,64,60,69,56,55,51,19,15,77,89,89,45,Right,Penn State
nye,Chase,Hull,CB,0,65,94,94,92,89,61,89,58,63,57,75,65,53,42,66,57,30,8,7,4,13,15,7,19,68,60,67,41,39,33,43,33,36,32,36,36,35,24,45,59,66,73,57,34,43,57,63,65,73,23,22,84,91,79,38,Right,Old Dominion
nye,A'Shawn,Barmore,CB,0,67,92,95,82,83,61,86,59,49,57,71,65,35,34,56,49,30,5,5,5,6,14,5,19,60,51,60,33,33,28,37,35,32,35,37,35,34,14,52,52,50,63,57,27,29,48,61,66,68,21,18,85,85,74,26,Right,Penn State
nye,Antoine,Gilman,CB,5,76,87,89,88,85,67,80,82,63,62,87,66,34,31,76,83,25,4,8,5,4,14,8,14,74,63,64,25,15,9,21,37,37,36,33,33,36,19,48,56,57,68,81,27,38,48,76,81,79,23,17,91,89,83,4,Right,Tennessee
nye,Jamison,Ringo,CB,0,65,93,86,86,86,62,93,62,46,56,71,63,40,29,60,39,25,4,6,8,15,8,6,15,56,53,57,29,24,23,32,33,35,36,37,36,37,21,52,60,59,74,61,31,38,51,65,60,72,11,12,89,90,80,34,Right,Ouachita Baptist
nye,Bradley,Leno Jr,FS,1,64,91,95,82,84,63,75,65,52,59,72,64,42,42,63,33,23,17,17,13,17,8,8,19,61,58,57,23,15,16,23,37,35,37,34,37,34,20,65,62,83,65,67,31,40,48,58,65,57,16,13,89,84,82,35,Right,Miami
nye,Dalton,Hughes,FS,0,63,83,91,89,89,65,81,62,57,61,72,66,43,47,66,61,33,30,26,23,34,16,12,26,63,53,58,41,34,31,34,37,34,33,33,35,33,26,55,73,83,76,54,42,52,53,64,66,57,21,19,84,88,87,5,Right,Florida
nye,Matt,Larsen,SS,5,71,85,85,75,75,61,74,73,50,62,74,68,35,40,67,34,27,4,5,4,8,17,7,10,57,48,60,16,14,11,17,36,33,36,35,36,37,9,57,72,86,78,73,34,43,51,67,70,70,15,14,89,84,86,6,Right,South Alabama
nye,Keion,Charbonnet,SS,4,68,86,89,84,79,59,88,68,48,60,69,64,23,21,64,47,26,17,8,8,17,22,17,14,70,53,66,16,13,8,20,35,36,36,36,34,34,18,54,66,79,73,66,29,46,53,64,72,67,20,22,88,85,80,7,Right,Tulane
nye,Brandin,Westbrook-Ikhine,K,8,73,67,74,58,54,54,56,59,5,39,12,8,10,8,10,10,41,32,16,15,16,18,13,13,20,13,14,13,17,17,14,17,19,16,18,17,18,17,18,28,15,28,18,12,9,23,11,16,10,96,80,77,80,69,8,Right,Georgia State
nye,Antonio,Abanikanda,P,4,80,86,87,70,55,57,78,65,29,49,11,9,9,24,19,12,36,28,32,23,18,16,22,18,33,12,17,15,16,17,14,10,11,9,9,10,11,8,26,53,62,48,26,8,8,24,10,28,12,92,89,87,85,83,9,Right,Utah
phi,Damarion,Bigsby,QB,0,63,84,88,87,79,60,85,53,59,60,60,61,43,42,83,48,84,87,75,75,74,79,78,65,26,14,16,13,12,9,13,16,15,11,21,11,17,17,27,24,18,27,15,11,11,20,10,14,12,23,13,85,89,91,14,Right,Houston
phi,Jordan,Smith-Marsette,QB,11,67,87,85,90,83,58,88,58,71,64,70,69,60,42,85,15,88,84,77,74,78,80,76,76,61,57,57,34,26,15,35,21,18,21,19,16,16,27,33,39,13,33,19,8,8,26,17,26,16,17,19,77,83,80,4,Right,Virginia Tech
phi,C.J.,Harty,HB,2,69,92,95,85,81,75,81,67,74,92,77,74,70,78,76,74,26,18,13,8,19,14,14,24,71,55,56,62,56,52,55,46,22,30,40,19,27,39,38,36,30,34,22,9,10,28,18,28,20,17,14,89,86,86,38,Right,Missouri
phi,Jake,Watson,HB,4,79,93,93,91,90,67,91,77,79,90,89,84,80,76,82,62,36,29,27,13,30,20,18,22,69,62,56,74,66,58,60,58,32,34,31,22,19,35,39,31,28,36,17,21,14,27,18,15,18,18,13,90,87,87,0,Right,Georgia
phi,Brandon,Incoom,FB,4,65,81,85,82,74,69,78,56,62,73,68,62,65,64,66,32,75,62,58,60,63,57,58,55,70,73,78,58,52,51,59,55,53,51,60,54,50,58,67,36,41,34,19,14,15,14,11,15,12,30,24,80,82,86,48,Right,Princeton
phi,David,Jackson,WR,3,71,90,92,89,82,65,87,68,77,73,80,77,51,51,77,62,51,43,32,29,40,29,23,28,81,81,80,71,74,75,68,25,12,13,45,27,34,27,40,36,28,40,24,13,15,38,21,27,22,18,14,82,91,83,1,Left,North Carolina
phi,Desmond,Woods II,WR,0,70,89,90,83,81,70,90,69,75,74,73,68,61,59,81,56,31,13,8,4,8,22,7,22,82,78,82,77,79,79,73,30,23,18,52,28,32,29,50,44,39,45,27,10,8,37,24,36,29,23,19,92,87,86,13,Right,Ole Miss
phi,Corey,Ogundeji,WR,10,81,86,88,84,79,75,96,85,78,73,79,80,66,68,83,47,26,30,26,22,22,23,10,20,88,88,93,78,77,74,84,40,22,17,54,38,28,23,44,34,11,38,20,9,9,37,8,19,12,18,12,87,82,90,2,Right,Louisville
phi,McTelvin,Camp,WR,0,68,93,91,83,87,56,90,46,70,75,78,72,57,51,87,75,23,22,15,11,11,17,8,17,82,79,78,69,70,70,63,28,18,26,54,19,25,20,39,40,32,46,32,12,9,31,30,41,32,19,17,83,91,88,15,Right,Liberty
phi,Larrell,Barnes,WR,5,77,88,93,81,80,66,89,80,71,73,80,76,54,50,80,80,31,13,12,7,18,14,4,26,89,83,84,80,77,77,72,35,21,14,49,34,26,29,43,38,37,39,15,11,10,41,13,19,14,20,14,86,90,82,3,Right,Miami
phi,Jon,Landers,TE,3,85,86,89,84,75,71,91,86,51,72,60,57,73,71,74,26,43,29,22,16,23,22,23,21,89,80,85,73,72,67,77,63,58,62,69,60,64,54,63,29,20,32,12,8,10,28,14,17,13,13,12,89,88,85,90,Right,Ole Miss
phi,Mike,Miller,TE,0,61,82,85,75,68,67,79,57,70,76,73,64,75,69,78,45,32,25,22,12,12,23,12,26,74,74,79,61,63,51,66,52,45,51,53,51,52,54,59,36,44,33,34,26,27,24,19,20,27,42,36,76,88,77,5,Right,UCLA
phi,Anfernee,Boyd,LT,1,66,68,70,56,50,86,70,76,27,29,33,23,24,29,24,11,12,8,8,7,8,14,4,12,33,21,25,24,23,21,20,69,68,72,66,62,70,85,79,35,38,40,11,32,21,34,12,18,9,11,10,85,89,91,69,Right,North Carolina
phi,Ihmir,Bullard,LT,5,64,71,74,54,46,82,71,71,14,23,29,16,34,36,25,9,23,4,8,8,7,12,7,12,25,16,13,12,6,4,14,61,60,66,69,68,70,78,78,36,41,35,9,27,17,37,11,10,11,25,17,84,88,85,68,Right,Florida State
phi,C.J.,Shelton,LG,4,70,63,58,64,48,86,73,83,12,20,29,25,36,34,23,11,33,4,6,4,5,12,7,12,28,17,20,11,6,7,11,72,70,74,71,69,76,80,77,38,35,39,25,29,22,35,8,12,10,27,24,82,85,82,67,Right,Massachusetts
phi,Thomas,Mathis,LG,9,90,72,74,74,53,89,77,93,11,42,8,8,12,30,27,10,18,7,6,8,4,16,6,14,28,14,14,15,3,5,14,92,92,89,95,86,95,92,87,28,32,18,29,9,10,11,13,19,10,24,19,93,96,94,73,Right,Nevada
phi,Jayden,Kinlaw,C,7,59,62,57,64,45,90,60,70,7,32,11,8,17,21,12,10,25,8,5,5,5,13,6,12,27,13,12,14,3,6,13,64,62,65,65,67,62,75,78,34,38,32,19,10,14,25,10,13,8,21,20,83,86,91,61,Right,TCU
phi,D.J.,Cager,C,2,68,54,58,55,53,84,69,82,5,42,9,9,11,12,12,10,30,4,5,5,7,8,5,10,27,11,10,8,3,7,12,67,71,65,70,73,69,82,77,39,43,35,19,21,20,26,14,17,10,25,23,89,90,89,60,Right,Notre Dame
phi,Trent,Godwin,RG,0,68,69,82,57,53,93,75,66,11,30,10,9,10,15,11,11,13,12,9,4,5,5,4,14,26,15,16,11,11,8,12,64,70,60,74,74,72,72,85,31,20,20,19,8,9,25,9,13,9,14,17,83,85,84,70,Right,LSU
phi,Trestan,Garvin,RG,4,81,66,73,60,55,86,71,87,6,31,10,8,10,24,16,11,24,4,7,8,6,11,8,14,16,15,12,9,6,4,11,85,84,83,82,80,80,82,86,28,26,24,17,19,11,13,10,12,12,18,14,87,89,86,65,Right,Nevada
phi,Siaki,McClendon,RT,0,74,76,84,74,58,87,72,76,11,50,10,13,18,20,19,11,23,8,5,5,8,13,4,11,55,56,52,39,13,8,39,71,74,75,84,76,84,89,83,37,35,32,26,22,17,19,10,15,12,19,20,86,89,81,77,Right,Texas
phi,Jaret,Paye,RT,2,64,71,75,61,57,79,73,63,20,30,14,16,28,34,23,8,13,3,6,5,5,8,6,6,27,17,25,17,14,10,17,72,71,72,72,73,73,78,78,30,27,25,30,22,17,32,8,11,8,31,24,85,95,83,72,Right,Oregon
phi,Jaylen,Thomas,LE,2,65,80,91,79,71,68,77,61,46,44,48,42,50,44,50,25,20,19,12,11,10,15,11,23,50,45,49,37,35,31,33,34,36,36,39,40,41,43,67,73,81,82,63,65,57,70,36,52,47,23,22,73,90,85,6,Right,UL Lafayette
phi,Neil,Thomas,LE,10,66,70,79,69,56,83,79,77,11,42,11,8,11,22,10,12,20,8,4,8,5,14,6,10,24,12,13,11,10,8,12,45,43,45,44,46,46,12,79,80,76,78,76,70,54,71,22,41,9,16,11,78,95,74,93,Right,Samford
phi,Joshuah,Jackson,RE,2,73,77,79,79,71,75,77,83,25,56,47,42,45,31,50,21,25,7,7,4,6,13,4,17,63,47,46,33,23,21,27,46,43,44,46,45,47,29,81,75,79,81,81,65,76,75,38,50,42,21,17,74,86,83,52,Right,Florida
phi,Jonah,Hutchinson,RE,2,72,75,83,85,75,82,86,66,15,41,38,31,29,31,26,8,29,8,4,8,8,14,6,12,39,18,23,16,9,3,15,43,44,44,43,47,45,19,85,86,85,81,62,74,63,69,25,33,16,15,16,72,84,85,99,Right,Houston
phi,D.J.,Farrell,DT,6,71,67,70,58,54,83,61,77,26,38,26,33,41,36,38,9,21,4,8,7,4,11,5,14,35,19,27,17,9,2,30,47,46,43,44,43,46,17,81,79,73,81,82,76,65,74,21,28,39,22,20,69,89,82,94,Right,Alabama
phi,Payne,Franklin-Myers,DT,0,66,58,69,53,46,89,65,70,9,22,12,7,25,33,16,8,19,14,6,6,11,4,12,5,23,14,14,13,9,3,14,46,54,44,54,52,51,44,89,75,80,70,66,61,48,78,9,10,11,28,23,68,89,89,7,Right,Baylor
phi,Raekwon,Proche II,DT,7,74,70,69,59,54,86,72,84,20,45,27,16,25,41,40,12,12,6,4,5,8,13,7,11,38,25,28,17,8,3,16,45,45,44,46,46,47,38,85,80,89,83,84,74,62,75,39,43,12,15,12,75,81,74,96,Right,Oklahoma
phi,Jake,Johnson,DT,5,81,85,84,84,71,88,87,78,19,31,40,28,28,32,33,12,23,7,5,4,7,13,6,13,31,24,18,14,6,3,20,44,44,43,44,43,44,30,87,86,81,83,81,81,70,76,19,32,14,17,12,86,93,88,89,Right,Houston
phi,Kendrick,Wise Jr,LOLB,4,95,86,90,82,73,84,84,99,27,42,32,30,41,36,43,20,24,6,4,5,4,11,5,10,41,30,30,24,21,15,26,43,44,44,46,46,45,19,85,92,79,94,96,85,96,82,38,49,26,19,13,89,93,88,8,Right,Eastern Michigan
phi,Easop,Lucas III,LOLB,5,69,84,92,80,73,83,94,66,40,51,48,53,58,56,51,11,27,4,5,7,5,9,5,11,58,55,50,18,11,8,14,44,45,46,44,47,47,18,77,78,83,76,64,62,56,62,58,65,41,23,29,85,83,84,53,Right,Missouri State
phi,Logan,Worley,MLB,4,63,80,86,78,69,76,82,64,49,62,67,57,52,41,69,10,18,25,23,16,16,23,20,17,59,46,48,35,27,16,15,48,45,47,43,43,45,15,76,79,79,81,60,54,50,64,53,61,44,18,20,79,90,85,56,Right,Iowa
phi,Robert,Walker,MLB,0,62,87,89,74,67,77,93,67,40,51,37,33,44,35,36,11,22,8,4,8,8,5,6,13,47,40,39,16,7,3,8,44,45,47,46,46,43,30,78,77,75,83,71,55,61,62,49,56,44,23,18,87,87,77,45,Right,Ole Miss
phi,Max,Burks,ROLB,1,81,80,82,81,76,77,81,86,17,47,32,29,30,31,32,9,26,4,7,7,8,12,4,12,52,25,29,9,7,6,12,45,44,45,47,43,43,12,81,86,82,86,88,74,82,80,54,64,47,16,11,91,90,88,54,Right,Charlotte
phi,Christian,McNeill,ROLB,1,69,85,90,81,71,65,84,63,23,47,57,47,47,34,45,17,32,20,19,15,18,8,11,24,40,41,41,18,21,16,14,34,37,34,40,41,42,27,64,77,82,81,65,68,64,66,44,50,45,16,12,75,86,90,33,Right,Appalach. St.
phi,Laremy,Lowe,CB,0,69,91,91,87,88,63,83,68,56,56,71,66,44,30,71,69,30,13,8,8,16,15,15,8,62,53,55,23,19,19,20,12,32,20,13,33,31,13,43,49,59,62,62,30,40,40,73,65,73,19,21,92,92,81,28,Right,Northwestern
phi,Kyren,Van Lanen,CB,0,62,87,89,92,91,54,93,59,50,55,74,72,31,23,63,64,22,14,12,14,8,8,6,21,62,51,58,43,33,27,44,23,26,23,33,36,35,11,44,48,72,71,63,23,30,48,67,62,57,10,15,81,91,86,24,Right,Arizona St.
phi,Cam,Pollard,CB,11,66,86,86,83,75,68,89,72,53,68,71,70,57,34,56,48,34,7,5,4,6,9,8,17,67,36,65,32,21,18,40,35,36,36,34,35,34,16,56,59,66,75,71,42,48,46,72,62,76,25,28,84,94,70,19,Right,Presbyterian
phi,Will,Driskel,CB,9,79,87,89,89,85,72,87,85,57,60,71,70,23,18,56,63,24,5,8,5,5,12,7,17,72,46,59,17,13,8,17,35,34,36,37,35,33,14,50,60,60,78,83,24,34,64,79,75,83,14,15,91,93,88,23,Right,Oregon State
phi,Dameon,Austin III,FS,3,75,85,90,84,88,60,81,76,45,59,70,67,28,28,73,53,22,8,5,6,6,11,6,15,65,57,58,41,35,35,45,35,35,33,36,34,33,22,62,82,67,74,75,34,43,53,68,63,73,12,11,92,91,87,9,Right,California
phi,Tyon,Smith,FS,5,84,90,89,90,80,74,84,79,77,68,93,85,53,44,83,85,35,29,26,21,35,28,29,37,76,65,64,51,39,34,50,37,35,33,34,37,36,20,63,80,90,76,85,38,47,59,77,80,70,22,17,85,82,82,10,Right,Michigan
phi,T.J.,Lucas,SS,10,76,86,86,89,80,58,87,87,45,65,60,66,46,48,57,66,23,8,7,8,8,17,5,12,69,37,64,15,11,10,24,33,35,35,35,37,34,15,58,72,78,77,82,51,57,48,66,80,72,17,20,89,89,78,11,Right,Virginia
phi,Hendon,Hall,SS,0,68,91,93,89,77,61,88,59,70,60,69,63,73,55,72,35,29,20,14,12,11,12,11,11,76,75,79,54,56,43,63,34,34,35,43,39,39,26,60,69,83,72,68,29,42,54,57,68,77,26,24,85,93,87,46,Right,Boise State
phi,Chukwuma,Greenlaw,K,3,69,75,78,61,51,57,58,55,18,32,26,22,9,20,27,8,24,32,24,21,21,17,18,15,22,12,16,12,8,4,14,16,8,10,17,8,9,12,9,23,11,15,14,11,9,11,11,8,11,96,75,78,89,76,12,Right,LSU
phi,Kwamie,York,P,1,68,77,77,57,49,57,76,48,10,26,9,11,12,11,14,9,43,38,34,22,21,22,27,14,21,16,17,17,13,12,11,19,15,17,19,14,16,15,22,29,24,18,14,11,12,15,10,13,11,88,77,81,86,70,41,Right,California-Davis
lao,Danny,Cox,QB,0,70,87,91,87,85,68,79,48,76,54,77,78,63,53,91,11,90,87,74,73,79,78,86,85,45,18,17,26,20,14,20,14,19,10,21,20,13,20,30,23,19,25,14,8,10,22,9,12,10,18,12,83,80,82,14,Right,Tennessee
lao,Bravvion,Alexander,QB,8,79,78,81,72,69,62,70,75,52,60,50,46,36,34,61,9,92,97,85,83,89,83,87,75,24,21,18,18,19,15,17,15,13,20,16,8,9,20,23,26,19,27,22,8,11,20,13,18,7,21,20,88,89,95,17,Right,California
lao,Joshua,Allgeier,HB,2,65,88,93,80,79,75,75,69,75,83,75,67,75,82,78,62,49,37,33,29,39,31,29,36,68,47,49,56,50,42,49,44,29,29,34,25,29,44,35,37,36,40,12,9,9,33,11,18,8,22,17,84,87,81,26,Right,Ole Miss
lao,Andre,O'Neill,HB,0,67,94,94,89,81,66,88,63,75,84,80,70,67,61,72,91,31,22,18,10,22,12,21,21,60,44,43,51,46,44,46,46,24,29,32,16,24,33,35,28,20,34,14,8,11,24,13,18,14,15,16,84,86,80,25,Right,Iowa State
lao,Luke,Campbell,FB,4,61,81,80,79,74,71,77,58,50,72,71,66,50,68,76,34,39,37,32,31,36,32,34,39,66,67,73,60,55,43,44,60,53,56,55,45,47,64,55,29,25,37,19,17,16,30,16,18,16,22,22,81,90,81,46,Right,W. Michigan
lao,Cam,Hennessy,WR,2,70,92,90,88,80,68,89,67,75,74,71,68,60,60,76,38,40,28,24,18,31,24,27,29,87,80,84,73,73,75,70,33,30,29,51,31,28,28,46,28,19,30,17,8,9,32,13,19,18,23,15,84,91,83,1,Right,Michigan
lao,Josh,Shaheed,WR,3,67,92,89,79,82,57,89,67,65,72,80,71,33,41,79,78,34,25,23,19,28,18,12,25,79,79,78,69,67,69,62,27,12,14,49,16,17,18,39,24,16,24,15,12,10,20,20,26,11,17,13,82,85,79,15,Right,McNeese St.
lao,Trey,Jones,WR,4,63,87,89,83,81,56,85,54,57,70,76,68,43,37,79,77,29,13,12,6,13,15,4,26,80,81,76,64,62,58,61,28,20,21,38,22,15,24,37,26,17,32,22,10,11,21,18,23,13,20,15,81,88,85,87,Right,Wash. St.
lao,Justin,Dissly,WR,5,72,87,88,89,81,67,91,74,77,75,82,75,75,48,84,77,41,32,28,19,30,32,13,33,82,78,81,73,74,70,71,30,25,21,52,32,28,21,44,33,20,39,19,11,9,30,15,21,22,20,11,81,83,78,19,Right,Memphis
lao,Nick,Fields II,WR,6,67,88,89,82,77,67,90,61,66,71,78,72,64,59,78,75,36,22,23,22,17,18,20,21,79,79,85,72,72,69,74,39,26,28,65,37,31,24,44,36,13,36,26,8,8,35,18,27,31,21,18,83,90,74,2,Right,Georgia
lao,Teair,Gaskin,TE,2,88,82,88,85,81,80,91,92,70,79,68,71,75,66,82,12,30,21,13,12,11,13,8,15,93,86,88,83,77,70,78,60,57,56,65,62,61,56,65,46,49,55,32,37,47,49,29,35,25,40,34,92,89,87,85,Right,Iowa
lao,Jaylon,Quessenberry,TE,8,72,81,84,81,77,73,88,69,70,78,75,75,70,77,79,24,85,70,61,58,76,52,62,51,82,82,81,67,63,55,71,56,56,54,61,52,61,52,72,41,11,33,15,10,9,27,18,25,10,26,18,85,82,89,81,Right,Virginia Tech
lao,Ar'Darius,Nailor,LT,7,72,48,51,56,45,80,59,84,8,64,11,11,18,18,8,10,32,5,6,8,4,12,6,12,41,23,14,13,6,5,39,82,78,81,67,69,66,77,82,41,22,27,20,26,15,38,14,17,11,22,21,87,88,75,74,Right,North Carolina
lao,Tommy,Ferrell,LT,1,75,72,80,64,55,86,68,83,14,37,10,12,22,24,16,10,22,8,7,4,4,12,7,14,27,20,22,16,10,12,11,76,72,78,82,86,78,82,83,42,37,49,35,43,41,44,11,12,8,31,26,87,90,73,72,Right,Southern Utah
lao,Jaelan,Delaney,LG,10,73,62,70,53,48,88,74,85,7,42,9,10,11,17,8,8,21,5,5,6,4,12,8,12,24,11,14,9,3,5,12,76,74,74,69,71,65,78,85,39,34,44,35,47,34,41,8,12,12,24,18,86,93,82,70,Right,Clemson
lao,Nick,Golston,LG,2,71,63,71,58,54,87,71,67,9,36,8,11,10,21,12,7,19,3,7,6,7,9,3,11,25,20,21,21,8,6,17,78,79,72,72,72,68,72,88,32,33,16,16,11,10,15,7,10,10,26,26,88,91,92,73,Right,TCU
lao,Zay,Pitts,C,11,90,75,73,72,57,87,77,97,13,42,9,12,12,11,9,9,23,8,4,4,7,10,7,13,41,15,17,17,7,3,13,89,86,89,93,95,94,95,89,57,56,59,42,47,34,56,27,31,10,18,22,91,93,94,63,Right,Cincinnati
lao,John,Mayfield,C,6,69,61,76,64,53,81,81,77,4,42,10,8,9,24,10,12,17,8,6,4,4,11,6,12,25,17,15,13,3,3,13,71,72,77,73,74,72,79,78,37,27,46,30,12,9,27,9,10,12,15,16,82,92,76,60,Right,USF
lao,Kendall,Muti,RG,0,61,65,68,68,54,84,74,72,5,26,8,8,11,20,14,10,13,5,7,5,5,9,6,12,23,14,16,11,6,5,15,67,62,69,63,58,63,74,73,33,25,27,9,8,14,23,7,8,12,21,21,81,94,78,66,Right,Nebraska
lao,Ventrell,Harper,RG,10,81,71,72,71,59,91,80,91,11,42,12,12,32,27,9,10,30,7,8,7,5,11,6,13,33,15,14,15,4,3,16,81,87,80,82,81,85,89,89,31,26,22,19,11,8,25,12,16,9,25,26,87,86,93,67,Right,Iowa
lao,Mike,Wright,RT,0,71,78,81,62,54,91,82,67,24,30,32,28,37,36,27,8,25,4,4,6,8,8,7,18,29,17,25,13,6,7,10,70,74,66,75,81,76,83,89,34,41,31,31,32,31,35,9,14,12,18,17,87,93,84,3,Right,Alabama
lao,Travin,Keenum,RT,6,70,63,68,61,57,84,74,82,10,66,8,12,18,22,9,8,30,4,6,6,8,12,5,12,62,55,56,38,28,19,47,70,73,65,72,71,76,81,79,42,20,29,20,24,13,40,15,13,9,23,21,93,91,79,78,Right,San Jose St.
lao,Patrick,Taylor,LE,1,70,84,91,79,62,81,78,68,20,56,36,30,29,32,34,12,22,6,4,5,7,8,7,10,56,38,41,12,6,5,13,46,46,43,46,45,47,13,80,70,80,79,61,72,74,66,41,43,22,18,13,78,89,86,98,Right,Notre Dame
lao,Quenton,Williams,LE,0,65,61,66,64,53,83,79,70,19,32,15,14,33,46,24,15,20,6,8,4,4,8,5,11,32,23,21,22,17,14,25,43,47,43,46,45,43,37,84,80,72,79,69,68,63,72,13,15,11,24,17,67,89,90,94,Right,Iowa State
lao,Devin,Ingram,RE,2,69,68,74,61,54,84,63,73,9,35,14,10,26,33,21,8,26,6,5,4,6,16,6,14,22,10,11,8,2,1,13,57,55,53,55,57,55,54,85,85,77,79,74,75,62,78,21,24,9,17,14,72,87,90,4,Right,Texas Tech
lao,Rejzohn,Landman,RE,4,67,86,89,81,71,81,84,66,16,32,37,26,26,24,28,8,24,4,5,8,8,11,7,14,30,14,16,11,4,1,13,45,43,46,46,46,44,12,80,71,77,77,68,72,62,69,23,32,20,14,9,73,90,80,95,Right,TCU
lao,Tyjae,Burgess,DT,9,85,68,77,63,57,92,72,90,12,34,23,17,27,36,25,11,22,7,4,5,6,16,7,12,25,22,25,15,5,3,16,46,46,45,46,47,46,38,90,90,80,85,89,85,71,86,32,37,14,16,17,84,92,94,96,Right,UCLA
lao,Marquise,Gunter,DT,5,81,74,84,63,57,96,71,85,33,46,28,21,41,41,35,10,26,4,6,4,5,15,4,12,44,23,22,14,5,3,25,43,46,45,43,43,43,33,89,85,79,85,88,83,60,81,21,30,14,17,13,81,96,91,5,Right,Alabama
lao,Wan'Dale,Connelly,DT,3,61,79,85,59,60,84,76,63,10,40,8,9,34,28,9,14,30,4,7,7,8,10,6,13,28,11,14,14,8,5,14,49,46,43,49,46,47,48,78,80,78,76,59,61,60,64,11,20,9,25,23,70,83,77,6,Right,Nebraska
lao,Jeremy,Powers,DT,2,66,64,70,53,55,84,68,63,14,23,11,11,31,31,21,11,17,6,6,8,4,6,7,8,23,14,18,12,6,3,10,43,44,43,44,47,43,30,88,81,81,79,60,63,49,75,14,16,11,14,9,71,90,85,89,Right,Arkansas
lao,Kendall,James Jr,LOLB,0,73,79,87,80,71,72,82,73,45,63,53,48,51,46,53,12,25,8,5,5,5,11,6,17,63,52,51,31,30,25,26,33,37,35,38,42,40,35,83,81,83,83,74,62,47,78,46,57,37,23,19,84,91,88,58,Right,Wisconsin
lao,John,Dogbe,LOLB,5,87,84,89,79,70,86,80,91,10,42,31,25,30,27,26,8,20,7,5,4,6,15,6,11,47,15,21,14,3,5,15,47,44,43,47,46,47,11,72,84,80,87,93,89,77,77,54,65,21,22,17,88,92,87,7,Right,Grand Valley St.
lao,DeMarcco,Griffin,MLB,5,63,86,88,74,73,73,77,53,30,51,32,31,39,47,45,10,30,8,5,7,6,14,6,10,57,42,37,11,7,3,19,46,45,47,43,43,46,20,79,81,83,80,60,58,53,69,43,59,47,14,12,78,86,81,8,Right,North Carolina
lao,Jalen,Jefferson,MLB,6,70,84,91,81,73,77,90,65,37,49,63,56,37,41,54,34,25,5,5,6,6,10,7,11,65,56,51,21,11,5,16,46,44,44,44,46,45,14,67,82,78,78,70,51,60,70,59,63,49,26,21,85,93,83,44,Right,Cincinnati
lao,Trenton,Akers,ROLB,1,70,83,85,78,70,82,82,61,36,50,50,46,53,59,47,35,11,4,6,5,4,12,7,10,31,35,32,30,24,16,16,51,47,45,46,47,43,21,82,83,77,80,55,67,72,72,28,35,17,9,4,73,92,87,97,Right,Brown
lao,Charles,Brooks,ROLB,5,85,87,89,82,79,73,80,86,35,62,45,41,39,43,48,9,29,19,14,10,23,28,10,32,72,47,66,41,37,31,30,46,46,44,44,44,47,11,88,96,84,89,86,55,52,73,65,78,49,72,54,93,88,89,57,Right,Wyoming
lao,Deshaun,Kelley,CB,2,67,94,92,84,84,59,97,59,56,57,71,62,56,40,63,55,23,23,21,22,25,22,16,35,62,56,63,24,15,10,28,26,26,25,17,34,35,22,54,61,72,67,57,22,34,49,64,65,76,17,16,91,93,88,27,Right,LSU
lao,Kenny,Johnson,CB,4,66,89,90,81,84,63,86,62,49,58,69,66,29,12,64,42,19,6,8,5,8,14,7,11,64,41,62,21,8,11,13,37,35,35,34,36,35,18,44,60,66,68,58,30,38,47,68,58,70,14,10,88,84,77,24,Right,Southern Miss
lao,Naquan,Hewitt,CB,0,65,87,92,88,84,51,82,61,64,59,70,67,45,26,68,57,12,7,8,8,8,12,8,10,68,63,66,54,48,43,52,32,30,32,37,35,35,19,36,40,53,62,61,30,37,46,61,67,74,14,10,89,88,77,30,Right,Ball State
lao,Kiondre,Smith,CB,6,79,89,88,94,89,70,83,79,61,72,81,65,44,28,75,84,23,8,4,8,7,10,8,8,77,74,75,22,12,9,18,37,34,33,35,34,33,14,54,63,67,82,80,33,41,61,81,84,74,28,23,91,92,83,9,Right,Iowa
lao,Anthony,Mitchell,FS,3,76,94,96,96,94,58,87,70,57,64,73,65,37,45,67,42,23,13,10,10,20,11,4,22,70,59,64,32,31,28,31,33,34,34,36,35,35,17,58,62,78,77,73,42,54,52,72,70,69,18,16,87,95,87,21,Right,Michigan
lao,JC,Iosivas,FS,4,59,89,94,87,89,57,89,56,55,66,75,69,25,22,68,57,25,8,6,4,8,12,5,13,63,40,49,25,19,12,19,35,33,37,36,34,36,12,52,53,54,69,60,30,39,45,65,62,77,12,12,88,90,74,32,Right,San Jose St.
lao,Jelani,Gardner,SS,2,84,92,90,89,86,76,93,88,61,69,79,67,52,50,74,84,24,8,5,8,11,16,9,13,73,57,66,38,32,30,26,35,33,35,37,37,37,15,82,74,87,83,85,46,54,71,73,83,70,16,13,90,87,83,10,Right,Lenoir-Rhyne University
lao,Darrell,Darnold,SS,3,68,89,89,87,82,68,86,68,47,57,72,64,51,40,66,47,25,7,8,8,8,17,6,13,66,65,63,43,37,28,42,35,32,36,37,34,36,21,63,62,77,74,65,48,60,58,64,66,61,19,15,87,91,81,41,Right,Temple
lao,Landon,Stonehouse,K,0,76,65,64,57,53,50,66,60,17,39,21,25,12,15,17,11,34,32,32,27,18,15,16,15,33,12,17,8,7,6,10,14,10,12,15,8,12,12,17,31,31,31,10,11,10,19,12,13,8,93,83,84,90,62,11,Right,Michigan
lao,Adrian,Miller,P,6,75,81,84,65,55,43,82,61,10,42,17,10,15,14,20,12,43,27,25,16,24,14,20,18,40,15,14,13,15,14,15,7,11,10,9,12,10,7,10,28,10,22,27,11,12,22,8,25,11,90,79,80,81,45,12,Right,Stanford
chi,Robert,Hamilton,QB,4,99,85,89,89,89,70,73,96,74,65,75,73,56,49,85,9,99,99,95,93,99,97,95,88,58,31,32,29,18,13,23,9,12,11,25,10,8,24,29,27,19,37,24,10,11,24,15,17,11,21,11,97,92,99,17,Right,Texas Tech
chi,Shyheim,Floyd,P,12,76,72,73,56,53,46,63,61,8,49,12,9,12,11,17,9,39,17,14,17,16,11,14,16,46,9,10,10,11,8,13,21,16,16,27,13,15,16,17,26,12,33,15,11,8,10,9,24,10,94,83,83,94,67,19,Right,Appalach. St.
chi,Isaiah,Mukuamu,CB,0,66,90,93,79,86,63,85,70,43,56,64,62,31,39,54,40,25,17,10,10,19,10,10,21,53,49,51,29,25,19,25,35,31,34,35,34,35,24,54,64,66,65,65,36,38,45,66,67,74,12,13,92,83,81,23,Right,Missouri
chi,Chris,Joseph,DT,5,67,71,79,61,55,82,69,75,13,29,18,14,22,24,23,8,21,8,5,6,7,14,6,13,34,22,19,13,8,6,16,43,45,43,47,43,45,25,81,80,78,82,72,74,64,68,14,25,8,13,10,81,92,85,20,Right,Missouri
chi,Rashawn,Mauch,RE,3,64,70,69,60,55,89,72,69,35,56,41,36,46,50,53,11,23,8,7,8,7,9,5,12,37,15,16,15,5,3,16,50,44,46,46,48,43,49,83,76,77,80,71,67,69,70,19,22,15,18,16,72,87,85,53,Right,N.C. State
chi,Khalil,Dickerson,RG,3,64,61,74,64,54,87,76,74,24,23,14,14,24,31,26,12,23,5,6,4,7,7,7,11,32,13,20,8,8,3,15,64,64,62,71,74,73,86,81,42,34,38,26,35,34,39,12,16,9,12,12,83,82,80,58,Right,Wisconsin
dal,Tank,Mitchell,WR,4,77,91,94,86,84,51,82,78,74,73,82,81,55,31,76,82,37,15,10,6,10,19,6,20,90,74,82,73,78,76,68,37,20,17,45,25,19,20,42,42,41,51,22,12,15,35,23,31,20,25,23,87,86,77,10,Right,Holy Cross
dal,Atonio,Smith,RE,4,84,88,93,84,73,81,86,75,29,57,48,43,40,49,48,12,24,7,8,4,8,9,8,13,58,44,43,41,36,32,40,47,47,44,47,45,45,15,81,86,78,88,80,75,82,81,34,43,21,16,15,82,85,86,12,Right,Mississippi St.
dal,Janarius,Jones,RT,7,68,59,67,63,52,83,79,78,5,30,10,8,18,26,19,9,22,5,7,8,5,19,6,14,22,13,16,15,3,7,13,76,77,71,70,75,69,78,81,35,25,28,16,16,14,27,12,12,9,22,19,83,85,81,70,Right,Texas AM
dal,Joey,Hainsey,LT,4,68,61,67,49,47,90,66,75,35,54,31,19,32,51,46,11,13,5,7,7,8,12,8,13,29,8,12,11,4,4,13,66,68,66,71,73,72,75,86,34,19,20,9,9,12,33,14,14,11,24,22,80,82,86,79,Right,Mississippi St.
dal,Cameron,Webster,LG,1,71,75,77,69,56,87,82,78,10,30,12,10,23,29,17,11,22,8,5,7,8,17,5,14,24,26,28,15,14,11,22,78,82,76,72,73,67,74,81,25,22,17,13,11,9,17,11,17,8,17,14,84,90,76,13,Right,BYU
dal,Mason,Blu Kelly,LE,4,60,69,81,67,53,82,79,53,16,29,21,20,28,26,20,16,25,4,6,7,7,16,7,10,26,15,15,9,6,3,13,47,44,46,46,44,47,19,79,76,79,76,57,67,57,61,17,24,10,20,16,72,88,79,15,Right,W. Illinois
dal,Tevaughn,Williams,MLB,6,68,89,91,87,73,70,84,68,42,57,63,52,50,54,50,40,19,5,4,7,6,9,7,13,55,41,48,15,8,10,27,29,34,36,42,36,36,24,73,80,74,82,66,49,50,58,57,63,43,18,14,82,91,88,17,Right,North Dakota St.
wis,Danny,Morse,TE,6,86,87,91,82,83,69,89,83,71,76,75,70,68,74,87,23,33,13,8,7,8,12,4,15,86,84,89,79,76,77,80,61,61,60,57,61,55,42,54,30,17,35,16,10,11,36,12,21,15,21,15,89,88,86,15,Right,Georgia Tech
wis,D'Marco,Graham,CB,8,81,90,89,88,85,64,80,91,60,59,77,70,46,32,65,67,20,25,22,15,17,13,17,17,68,61,65,29,17,10,22,17,23,25,28,13,13,11,43,58,46,85,89,37,28,66,80,88,78,13,10,91,87,87,20,Right,Ole Miss
wis,Zack,Gipson,CB,2,67,92,92,86,82,60,84,67,55,67,66,59,28,39,66,36,32,5,7,7,4,14,7,13,62,48,59,27,18,10,19,42,36,34,36,34,36,10,53,63,55,71,66,29,39,43,62,70,72,14,16,91,84,90,33,Right,Marshall
wis,Darnay,Heck,ROLB,6,67,89,92,85,80,72,89,59,10,54,27,28,24,26,20,10,26,8,7,8,8,12,7,11,48,28,25,15,3,6,20,47,46,44,45,44,46,20,81,81,84,83,58,59,61,74,56,66,48,17,12,84,75,84,54,Right,Minnesota
wis,Phil,Simpson,DT,4,69,69,78,57,52,91,76,70,23,40,32,32,43,50,41,5,23,8,5,6,5,8,5,14,30,27,28,22,18,13,28,49,54,47,51,51,47,41,86,74,73,81,68,73,62,78,16,24,14,29,29,78,88,84,95,Right,BYU
wis,Dorance,Allen,CB,5,64,87,88,87,84,61,89,62,53,66,76,70,49,43,69,37,58,45,36,36,37,28,33,40,73,68,72,58,51,53,60,37,37,37,45,35,36,17,52,62,53,70,60,40,43,49,64,69,74,15,11,87,88,81,41,Right,UL Lafayette
wis,James,Clement,RE,0,67,84,89,65,61,81,75,65,31,39,37,32,46,38,48,12,22,7,4,5,7,11,5,14,37,34,36,31,32,26,29,43,44,45,44,45,44,23,79,74,76,82,62,74,60,67,21,28,24,14,15,70,93,82,58,Right,Oklahoma
mia,Will,Hill,FS,5,76,88,88,91,86,71,82,78,55,71,78,67,49,43,70,69,19,6,6,5,8,17,8,11,74,73,71,26,15,10,18,34,36,34,33,33,35,19,64,73,85,83,79,54,41,59,68,75,65,19,21,94,95,87,23,Right,LA. Tech
mia,Braxton,Weaver,ROLB,4,82,86,89,82,73,72,85,78,25,43,45,26,34,30,43,9,20,7,3,3,6,15,5,17,47,26,27,18,11,6,14,47,44,45,45,43,47,13,76,83,81,85,74,72,81,67,49,56,42,16,13,83,83,77,53,Right,Michigan
mia,Levi,Amadi,CB,0,67,92,91,90,93,56,93,69,43,60,74,69,36,36,66,59,37,6,5,6,8,10,4,12,64,51,63,35,30,24,35,35,36,33,34,33,36,13,42,51,48,60,67,26,33,41,63,70,64,22,21,87,89,74,9,Right,Central Arkansas
mia,Deadrin,Chubb,WR,4,72,93,95,87,92,42,79,65,67,62,81,75,40,23,83,68,70,60,55,55,65,50,56,56,76,77,78,71,68,71,56,20,9,12,38,14,21,18,31,20,12,26,20,10,10,21,12,17,11,18,17,81,81,74,13,Right,Louisville
mia,Matt,Long Jr,FB,4,70,85,88,81,74,77,84,66,59,66,61,59,65,66,64,30,28,15,12,5,12,15,6,15,72,63,67,65,60,54,58,71,57,54,65,59,63,66,64,48,35,51,40,37,19,46,32,36,25,24,15,82,84,88,48,Right,Texas
mia,Charlie,Givens,C,0,67,67,75,63,57,86,76,71,26,33,24,23,25,27,26,12,20,5,7,6,4,8,7,10,29,21,33,26,18,15,27,70,65,75,70,63,71,84,69,28,33,35,15,21,20,27,11,11,13,19,17,83,92,85,56,Right,Ohio State
mia,Justin,Ogbuehi,FS,4,64,88,87,85,80,62,77,52,37,57,62,56,33,43,44,35,27,5,7,5,5,14,6,15,69,60,66,14,11,11,14,26,35,34,20,36,37,21,55,66,73,75,64,31,41,50,64,66,69,21,26,83,85,75,38,Right,TCU
bos,Adam,Parker,CB,3,77,89,90,89,85,66,83,78,50,62,72,64,40,37,63,40,28,15,14,9,17,12,4,19,53,51,56,37,34,30,37,34,37,33,36,34,36,20,50,60,57,73,79,32,40,47,81,82,84,18,13,92,92,82,24,Right,Mississippi St.
bos,Jon,Land,RT,7,78,71,72,63,50,88,76,93,7,31,9,13,13,25,11,9,23,6,4,7,3,15,3,11,26,16,17,16,6,5,15,84,84,81,82,79,85,84,90,35,26,30,21,15,15,25,9,15,10,20,21,85,86,93,12,Right,Michigan St.
bos,Devin,McGlinchey,FS,5,71,94,92,84,80,52,91,65,40,65,66,55,28,28,60,56,23,14,11,9,14,9,14,9,70,64,65,22,17,9,16,36,33,34,34,34,37,17,59,62,82,70,64,29,34,44,72,68,75,10,14,85,81,80,28,Right,Southern Miss
bos,Jaylinn,Oluwatimi,MLB,7,71,85,89,78,71,85,90,72,8,49,38,24,41,31,35,11,19,4,8,8,8,10,7,14,55,43,48,30,18,12,24,47,47,43,46,45,46,28,88,76,88,81,75,62,66,71,44,49,44,23,21,83,86,77,55,Right,Florida
bos,Mekhi,Strachan,MLB,3,67,84,87,74,75,73,89,64,32,48,35,28,33,35,39,11,22,5,8,4,5,12,7,12,54,43,50,32,25,21,27,48,47,44,45,44,47,34,79,84,82,80,69,49,53,71,52,59,47,22,21,82,86,89,13,Right,LSU
bos,Trey,Rapp,RE,2,67,82,87,71,66,83,82,67,29,44,40,39,36,32,41,8,26,6,6,6,7,17,4,13,50,35,40,27,20,14,26,44,46,47,45,47,44,22,77,73,81,75,64,68,64,67,31,43,36,20,21,68,83,83,59,Right,Florida State
bos,John,Bassey,CB,4,63,84,93,95,92,54,91,61,46,55,67,60,35,37,65,39,22,14,11,8,17,10,16,11,67,54,62,32,25,18,25,37,35,37,35,34,33,17,53,58,69,71,59,47,52,51,66,64,75,10,17,87,84,85,38,Right,USC
nye,Isaiah,Conner,LT,8,83,63,60,56,53,91,70,94,4,34,10,11,27,33,14,12,27,6,6,6,5,13,8,13,37,12,13,14,7,5,11,85,92,83,80,84,74,81,87,38,22,12,14,11,8,29,12,15,11,21,21,89,85,75,78,Right,Florida
nye,Dalvin,Winston Jr,HB,6,79,89,84,81,82,79,82,81,82,93,79,68,81,83,84,67,25,16,16,8,22,13,10,20,58,40,46,55,46,38,40,54,40,34,50,39,35,46,47,36,40,36,40,16,10,34,19,33,29,19,17,86,84,80,22,Right,Texas
nye,Jabrill,Orji,ROLB,4,71,85,90,85,73,80,83,64,19,47,39,35,38,29,31,11,27,7,6,6,6,15,4,14,52,31,35,13,6,6,14,46,45,45,45,46,46,14,79,74,85,81,66,61,68,66,49,52,31,20,18,76,85,78,11,Right,LSU
nye,Diontae,Owusu-Koramoah,MLB,1,71,83,89,84,76,70,76,81,38,54,62,53,50,48,50,41,19,5,5,5,4,13,6,14,63,41,55,15,11,9,26,30,34,34,40,34,37,22,81,84,84,83,77,48,51,71,60,67,45,20,15,89,84,89,12,Right,UCLA
nye,Aubrey,Rice,C,0,67,64,77,66,59,81,77,70,3,27,11,9,9,26,15,8,22,8,8,6,4,12,7,13,19,15,10,11,6,7,11,69,69,68,78,73,80,81,74,45,53,52,41,49,40,51,10,11,11,19,12,88,89,91,13,Right,Arkansas
nye,Larry,Collins,TE,4,65,84,85,77,78,64,84,64,73,76,68,67,59,62,83,11,25,8,5,4,5,8,4,22,79,81,82,63,61,58,72,36,30,31,57,50,55,37,54,34,36,44,23,20,18,31,16,13,16,25,21,83,92,81,86,Right,Minnesota State
nye,Ray-Ray,Bailey,SS,5,61,89,88,80,79,64,82,59,52,58,68,58,59,55,57,60,33,5,6,4,5,8,5,25,60,53,61,31,19,16,27,36,36,33,35,36,36,12,55,73,74,80,54,39,47,56,55,64,63,19,13,84,91,81,46,Right,Mississippi St.
phi,Dee,Mone,HB,2,81,89,89,85,86,83,92,81,87,92,86,81,88,86,85,53,43,44,37,27,38,25,30,41,74,58,59,66,59,53,56,52,38,36,51,42,41,48,55,46,40,42,30,24,19,35,21,27,24,20,13,96,93,94,16,Right,Alabama
phi,Jaydon,Bryan,C,8,75,71,73,67,58,86,74,91,6,27,20,15,22,30,26,10,25,6,5,4,7,13,8,10,30,17,17,11,5,6,13,80,82,75,77,80,75,79,84,32,37,33,19,12,13,24,13,16,6,18,19,87,90,89,17,Right,Alabama
phi,Don,Wilson,LT,4,71,65,64,68,54,90,75,82,8,36,10,11,20,34,15,9,15,5,6,7,4,9,7,13,29,13,13,15,5,6,13,75,72,77,72,75,75,81,83,36,29,27,33,21,18,30,13,14,12,19,12,92,94,76,64,Right,Texas AM
phi,Dorian,Leatherwood,HB,1,72,89,91,83,88,73,81,68,77,88,84,69,80,79,80,78,27,22,18,14,16,16,17,27,62,53,53,58,47,42,52,50,30,28,34,19,27,31,35,30,29,39,12,10,12,33,13,18,15,19,17,86,90,87,18,Right,Auburn
phi,Jermaine,Gesicki,CB,3,75,90,93,81,88,68,91,74,52,57,73,68,37,42,64,45,24,17,14,13,19,12,7,20,64,58,57,40,35,30,41,28,27,31,32,34,36,26,53,52,65,75,75,34,43,56,73,76,74,14,19,90,91,78,20,Right,Wash. St.
phi,Geron,Thomas,LT,3,67,56,54,53,47,89,56,67,8,32,10,11,8,9,9,10,22,5,4,4,8,13,8,14,22,9,13,9,5,4,14,70,73,65,72,74,70,81,83,30,22,20,12,12,12,33,12,11,11,23,20,82,94,80,81,Right,Clemson
phi,Nicholas,Braswell,HB,1,65,85,90,79,84,67,89,61,69,88,70,67,78,78,86,57,31,22,21,16,14,10,15,26,67,61,64,56,47,40,45,46,48,46,38,39,42,33,44,34,38,39,11,10,12,23,19,22,16,12,12,87,90,91,32,Right,Central Michigan
lao,Josh,Davenport,LT,11,96,77,74,74,56,98,82,98,5,42,11,9,8,9,11,9,10,6,8,7,7,12,6,13,19,15,49,17,3,3,13,93,97,92,94,95,97,96,99,38,62,32,21,9,8,31,9,12,12,12,11,90,88,99,69,Right,Oklahoma
lao,Jamaal,Carter II,TE,7,83,80,88,77,69,76,79,79,54,74,70,53,68,78,79,17,27,13,11,5,11,9,4,16,90,82,85,76,72,66,76,58,58,59,67,67,59,57,71,43,27,41,20,17,16,46,16,19,18,20,17,90,90,94,86,Right,Arkansas
lao,Drew,Sweat,ROLB,5,69,85,88,82,69,69,85,73,33,56,57,41,31,52,39,8,24,7,8,6,4,11,8,14,57,45,48,31,23,18,28,44,43,43,44,47,47,9,74,78,80,78,72,64,73,67,55,59,35,13,17,75,83,85,45,Right,Oregon
lao,Russ,Roy,RE,6,70,73,75,72,64,81,72,86,14,36,23,24,29,34,27,10,21,6,8,6,8,15,5,14,29,19,21,11,6,2,17,45,46,44,43,45,45,13,85,84,73,84,83,59,77,74,23,35,20,22,17,76,91,83,13,Right,Texas Tech
lao,Chase,Stingley Jr,LG,2,69,74,86,70,64,79,77,70,11,27,13,13,29,31,23,11,22,4,8,4,5,11,5,11,25,9,10,10,7,4,17,74,68,79,68,69,72,83,70,25,27,24,24,23,23,27,9,10,10,12,10,85,91,76,16,Right,UCLA
lao,Miles,Davis,WR,2,61,91,95,79,75,70,92,52,75,74,74,70,55,62,77,81,24,14,12,7,9,17,7,18,79,78,76,62,63,58,68,28,26,21,45,25,24,22,41,29,20,32,17,10,11,31,14,15,19,19,15,83,91,84,18,Right,South Alabama
lao,Damien,Jennings,DT,2,62,66,68,54,46,83,65,64,18,23,27,19,36,49,31,9,21,4,5,5,6,12,8,13,39,26,32,12,6,3,10,46,46,43,43,46,44,36,82,79,79,76,59,65,76,66,18,30,18,19,19,76,84,95,93,Right,Ole Miss
dal,Nick,Thornton,QB,10,74,84,88,81,78,61,85,72,69,59,64,64,49,52,84,22,89,90,87,79,86,89,94,69,78,71,78,63,50,42,72,37,30,33,33,28,32,26,41,42,45,40,15,9,10,26,15,23,8,60,50,89,84,91,18,Right,Texas AM
wis,Tank,Holmes,QB,2,73,89,90,86,88,53,76,73,67,61,81,68,36,33,81,22,88,88,83,82,82,81,83,79,33,19,18,15,10,7,15,11,8,11,16,10,10,11,18,18,12,34,14,10,12,17,11,9,9,25,23,84,88,84,16,Right,Alabama
mia,Raheem,Winfree,QB,5,61,86,85,80,78,70,74,65,72,68,73,58,55,62,82,13,83,76,68,62,74,78,75,84,72,64,68,58,55,46,59,50,45,51,51,49,52,48,55,25,11,27,22,9,7,23,10,19,11,22,20,71,82,83,19,Right,LA. Tech
bos,Tyler,Dallas,QB,3,67,77,76,77,75,55,79,68,36,62,53,33,28,33,57,11,86,84,82,81,74,79,79,55,20,13,12,11,13,11,15,14,11,17,16,13,9,8,20,21,14,20,14,12,10,21,11,15,8,54,42,78,87,89,15,Right,Stanford
nye,Malaesala,Wicks,QB,1,68,88,91,93,90,73,82,41,77,68,85,82,73,73,88,47,96,79,72,74,82,67,84,80,60,39,42,34,28,17,20,21,18,19,24,21,14,23,36,37,31,43,15,9,8,30,23,26,15,22,18,83,94,93,14,Right,Liberty
phi,Brodric,Bateman,QB,4,80,93,94,90,91,60,65,70,74,69,88,79,47,25,94,12,88,88,82,83,87,83,84,86,49,21,23,18,14,15,10,10,11,10,12,14,12,11,11,32,10,30,15,11,10,14,19,23,9,17,17,88,83,87,21,Right,Oklahoma
lao,Carlo,Sutton,QB,8,69,76,74,77,76,70,77,65,68,61,67,73,69,62,74,12,89,88,80,82,86,81,79,83,49,17,21,14,14,10,17,16,17,15,38,28,29,34,18,47,28,49,20,12,10,43,13,13,11,29,24,88,86,93,20,Right,Florida State
